reference,title,contractingAuthority,buyerCountry,buyerCity,procedureType,contractType,cpvTop,lotsCount,publicationDate,deadlineDate,daysToDeadline,estimatedValue,currency,documentsCount,noticeUrl,esubmissionLink,priorityScore,urgencyScore,valueScore,generatedAt
"","EU Funding & Tenders Portal","","","","","","","","","","","","","4","https://ec.europa.eu/info/funding-tenders/opportunities/portal/screen/opportunities/tender-details/677ade2a-7e4b-4337-8313-89264b4f2fe6-CN","https://ec.europa.eu/info/funding-tenders/opportunities/portal/screen/opportunities/calls-for-tenders","0","0","0","2026-03-11T05:57:47.931Z"
"","EU Funding & Tenders Portal","","","","","","","","","","","","","3","https://ec.europa.eu/info/funding-tenders/opportunities/portal/screen/opportunities/tender-details/786ec90a-7a97-46a2-b263-8dfa12bf9492-PIN","https://ec.europa.eu/info/funding-tenders/opportunities/portal/screen/opportunities/calls-for-tenders","0","0","0","2026-03-11T05:57:47.931Z"
"","EU Funding & Tenders Portal","","","","","","","","","","","","","7","https://ec.europa.eu/info/funding-tenders/opportunities/portal/screen/opportunities/tender-details/a574adf7-8f6d-460d-9a13-7cfb08790122-CN","https://ec.europa.eu/info/funding-tenders/opportunities/portal/screen/opportunities/calls-for-tenders","0","0","0","2026-03-11T05:57:47.931Z"
"","EU Funding & Tenders Portal","","","","","","","","","","","","","12","https://ec.europa.eu/info/funding-tenders/opportunities/portal/screen/opportunities/tender-details/38ce3080-b3c9-4a0a-91b1-f65e7197ca28-CN","https://ec.europa.eu/info/funding-tenders/opportunities/portal/screen/opportunities/calls-for-tenders","0","0","0","2026-03-11T05:57:47.931Z"
"","EU Funding & Tenders Portal","","","","","","","","","","","","","3","https://ec.europa.eu/info/funding-tenders/opportunities/portal/screen/opportunities/tender-details/e2eca842-6fb7-431a-bdc3-9fb1dc58eccd-PIN","https://ec.europa.eu/info/funding-tenders/opportunities/portal/screen/opportunities/calls-for-tenders","0","0","0","2026-03-11T05:57:47.931Z"
"","EU Funding & Tenders Portal","","","","","","","","","","","","","3","https://ec.europa.eu/info/funding-tenders/opportunities/portal/screen/opportunities/tender-details/f296a6c3-7d1e-4992-a9c1-49ed052b3961-PIN","https://ec.europa.eu/info/funding-tenders/opportunities/portal/screen/opportunities/calls-for-tenders","0","0","0","2026-03-11T05:57:47.931Z"
"","EU Funding & Tenders Portal","","","","","","","","","","","","","13","https://ec.europa.eu/info/funding-tenders/opportunities/portal/screen/opportunities/tender-details/579b2355-b453-4062-8253-1f65d97e7b4e-CN","https://ec.europa.eu/info/funding-tenders/opportunities/portal/screen/opportunities/calls-for-tenders","0","0","0","2026-03-11T05:57:47.931Z"
"","EU Funding & Tenders Portal","","","","","","","","","","","","","5","https://ec.europa.eu/info/funding-tenders/opportunities/portal/screen/opportunities/tender-details/df9f7a95-0668-4137-94fc-ab12af42022e-CN","https://ec.europa.eu/info/funding-tenders/opportunities/portal/screen/opportunities/calls-for-tenders","0","0","0","2026-03-11T05:57:47.931Z"
"","EU Funding & Tenders Portal","","","","","","","","","","","","","12","https://ec.europa.eu/info/funding-tenders/opportunities/portal/screen/opportunities/tender-details/7716a7e8-b009-4a35-b194-8580333f5498-CN","https://ec.europa.eu/info/funding-tenders/opportunities/portal/screen/opportunities/calls-for-tenders","0","0","0","2026-03-11T05:57:47.931Z"
"","EU Funding & Tenders Portal","","","","","","","","","","","","","13","https://ec.europa.eu/info/funding-tenders/opportunities/portal/screen/opportunities/tender-details/f9ebced6-b28c-4eea-8ed3-367e2539500a-CN","https://ec.europa.eu/info/funding-tenders/opportunities/portal/screen/opportunities/calls-for-tenders","0","0","0","2026-03-11T05:57:47.931Z"
"","EU Funding & Tenders Portal","","","","","","","","","","","","","13","https://ec.europa.eu/info/funding-tenders/opportunities/portal/screen/opportunities/tender-details/79c8900a-f214-4850-9626-23e0e2394725-CN","https://ec.europa.eu/info/funding-tenders/opportunities/portal/screen/opportunities/calls-for-tenders","0","0","0","2026-03-11T05:57:47.931Z"
"","EU Funding & Tenders Portal","","","","","","","","","","","","","4","https://ec.europa.eu/info/funding-tenders/opportunities/portal/screen/opportunities/tender-details/366a0316-67cf-4859-90fc-09f296e6b974-CN","https://ec.europa.eu/info/funding-tenders/opportunities/portal/screen/opportunities/calls-for-tenders","0","0","0","2026-03-11T05:57:47.931Z"
"","EU Funding & Tenders Portal","","","","","","","","","","","","","11","https://ec.europa.eu/info/funding-tenders/opportunities/portal/screen/opportunities/tender-details/73e4dccc-bece-4c6a-b3e4-64cd137b4acb-CN","https://ec.europa.eu/info/funding-tenders/opportunities/portal/screen/opportunities/calls-for-tenders","0","0","0","2026-03-11T05:57:47.931Z"
"","EU Funding & Tenders Portal","","","","","","","","","","","","","6","https://ec.europa.eu/info/funding-tenders/opportunities/portal/screen/opportunities/tender-details/2897ab39-b54a-4a28-94cd-9fad4fa810e6-CN","https://ec.europa.eu/info/funding-tenders/opportunities/portal/screen/opportunities/calls-for-tenders","0","0","0","2026-03-11T05:57:47.931Z"
"","EU Funding & Tenders Portal","","","","","","","","","","","","","6","https://ec.europa.eu/info/funding-tenders/opportunities/portal/screen/opportunities/tender-details/0e848a85-7acd-4afe-8d07-4faa0d86523c-CN","https://ec.europa.eu/info/funding-tenders/opportunities/portal/screen/opportunities/calls-for-tenders","0","0","0","2026-03-11T05:57:47.931Z"
"","EU Funding & Tenders Portal","","","","","","","","","","","","","3","https://ec.europa.eu/info/funding-tenders/opportunities/portal/screen/opportunities/tender-details/d77ff98e-ac13-4b1c-b5cb-7d0522187870-PIN","https://ec.europa.eu/info/funding-tenders/opportunities/portal/screen/opportunities/calls-for-tenders","0","0","0","2026-03-11T05:57:47.931Z"
"","EU Funding & Tenders Portal","","","","","","","","","","","","","3","https://ec.europa.eu/info/funding-tenders/opportunities/portal/screen/opportunities/tender-details/fd787900-e3b0-4573-b2c7-695bd94896d1-PIN","https://ec.europa.eu/info/funding-tenders/opportunities/portal/screen/opportunities/calls-for-tenders","0","0","0","2026-03-11T05:57:47.931Z"
"","EU Funding & Tenders Portal","","","","","","","","","","","","","4","https://ec.europa.eu/info/funding-tenders/opportunities/portal/screen/opportunities/tender-details/d20c0636-3c5e-46f2-badb-147db304c4bb-CN","https://ec.europa.eu/info/funding-tenders/opportunities/portal/screen/opportunities/calls-for-tenders","0","0","0","2026-03-11T05:57:47.931Z"
"","EU Funding & Tenders Portal","","","","","","","","","","","","","12","https://ec.europa.eu/info/funding-tenders/opportunities/portal/screen/opportunities/tender-details/23dd5d22-16a3-4d2d-b744-beaf380dbbed-CN","https://ec.europa.eu/info/funding-tenders/opportunities/portal/screen/opportunities/calls-for-tenders","0","0","0","2026-03-11T05:57:47.931Z"
"","EU Funding & Tenders Portal","","","","","","","","","","","","","3","https://ec.europa.eu/info/funding-tenders/opportunities/portal/screen/opportunities/tender-details/af1facc8-0690-426d-835a-fba59a29004d-PIN","https://ec.europa.eu/info/funding-tenders/opportunities/portal/screen/opportunities/calls-for-tenders","0","0","0","2026-03-11T05:57:47.931Z"
"","EU Funding & Tenders Portal","","","","","","","","","","","","","6","https://ec.europa.eu/info/funding-tenders/opportunities/portal/screen/opportunities/tender-details/e9e1daa2-9974-432d-b434-b46184354b22-CN","https://ec.europa.eu/info/funding-tenders/opportunities/portal/screen/opportunities/calls-for-tenders","0","0","0","2026-03-11T05:57:47.931Z"
"","EU Funding & Tenders Portal","","","","","","","","","","","","","3","https://ec.europa.eu/info/funding-tenders/opportunities/portal/screen/opportunities/tender-details/99567c0c-a72b-47d1-a5c0-d1e3a1e074e5-PIN","https://ec.europa.eu/info/funding-tenders/opportunities/portal/screen/opportunities/calls-for-tenders","0","0","0","2026-03-11T05:57:47.931Z"
"","EU Funding & Tenders Portal","","","","","","","","","","","","","3","https://ec.europa.eu/info/funding-tenders/opportunities/portal/screen/opportunities/tender-details/be4c6d46-af14-4aaf-a9f8-3c1f23e7e3f5-CN","https://ec.europa.eu/info/funding-tenders/opportunities/portal/screen/opportunities/calls-for-tenders","0","0","0","2026-03-11T05:57:47.931Z"
"","EU Funding & Tenders Portal","","","","","","","","","","","","","6","https://ec.europa.eu/info/funding-tenders/opportunities/portal/screen/opportunities/tender-details/c6f9861c-611e-4231-9d1a-2b69b4009f6d-CN","https://ec.europa.eu/info/funding-tenders/opportunities/portal/screen/opportunities/calls-for-tenders","0","0","0","2026-03-11T05:57:47.931Z"
"","EU Funding & Tenders Portal","","","","","","","","","","","","","13","https://ec.europa.eu/info/funding-tenders/opportunities/portal/screen/opportunities/tender-details/9afc1469-9804-4956-b90c-9b8a3d7d39ac-CN","https://ec.europa.eu/info/funding-tenders/opportunities/portal/screen/opportunities/calls-for-tenders","0","0","0","2026-03-11T05:57:47.931Z"
"","EU Funding & Tenders Portal","","","","","","","","","","","","","13","https://ec.europa.eu/info/funding-tenders/opportunities/portal/screen/opportunities/tender-details/3e65eae1-0d96-4502-94f4-779a2e224683-CN","https://ec.europa.eu/info/funding-tenders/opportunities/portal/screen/opportunities/calls-for-tenders","0","0","0","2026-03-11T05:57:47.931Z"
"","EU Funding & Tenders Portal","","","","","","","","","","","","","3","https://ec.europa.eu/info/funding-tenders/opportunities/portal/screen/opportunities/tender-details/c31906db-250a-4bda-9769-cf1234c6744e-PIN","https://ec.europa.eu/info/funding-tenders/opportunities/portal/screen/opportunities/calls-for-tenders","0","0","0","2026-03-11T05:57:47.931Z"
"","EU Funding & Tenders Portal","","","","","","","","","","","","","3","https://ec.europa.eu/info/funding-tenders/opportunities/portal/screen/opportunities/tender-details/3054096a-c48b-40fc-95d3-dc53c4e47624-EXA","https://ec.europa.eu/info/funding-tenders/opportunities/portal/screen/opportunities/calls-for-tenders","0","0","0","2026-03-11T05:57:47.931Z"
"","EU Funding & Tenders Portal","","","","","","","","","","","","","3","https://ec.europa.eu/info/funding-tenders/opportunities/portal/screen/opportunities/tender-details/94c325a2-e686-42af-849d-9c29c38ad868-EXA","https://ec.europa.eu/info/funding-tenders/opportunities/portal/screen/opportunities/calls-for-tenders","0","0","0","2026-03-11T05:57:47.931Z"
"","EU Funding & Tenders Portal","","","","","","","","","","","","","3","https://ec.europa.eu/info/funding-tenders/opportunities/portal/screen/opportunities/tender-details/80a148a2-7326-4829-adeb-d72fa88f9233-EXA","https://ec.europa.eu/info/funding-tenders/opportunities/portal/screen/opportunities/calls-for-tenders","0","0","0","2026-03-11T05:57:47.931Z"
"","EU Funding & Tenders Portal","","","","","","","","","","","","","3","https://ec.europa.eu/info/funding-tenders/opportunities/portal/screen/opportunities/tender-details/5fe9b3b0-0295-4ca4-bd6a-e7891ab05734-EXA","https://ec.europa.eu/info/funding-tenders/opportunities/portal/screen/opportunities/calls-for-tenders","0","0","0","2026-03-11T05:57:47.931Z"
"","EU Funding & Tenders Portal","","","","","","","","","","","","","3","https://ec.europa.eu/info/funding-tenders/opportunities/portal/screen/opportunities/tender-details/4c52ce9b-f126-48cb-8997-2f4c6cbfba31-PIN","https://ec.europa.eu/info/funding-tenders/opportunities/portal/screen/opportunities/calls-for-tenders","0","0","0","2026-03-11T05:57:47.931Z"
"","EU Funding & Tenders Portal","","","","","","","","","","","","","12","https://ec.europa.eu/info/funding-tenders/opportunities/portal/screen/opportunities/tender-details/f582b05e-a10b-4d1b-934b-a98eb578b2e0-CN","https://ec.europa.eu/info/funding-tenders/opportunities/portal/screen/opportunities/calls-for-tenders","0","0","0","2026-03-11T05:57:47.931Z"
"","EU Funding & Tenders Portal","","","","","","","","","","","","","12","https://ec.europa.eu/info/funding-tenders/opportunities/portal/screen/opportunities/tender-details/81a26a2d-6842-42a2-808a-489c1bb3710d-CN","https://ec.europa.eu/info/funding-tenders/opportunities/portal/screen/opportunities/calls-for-tenders","0","0","0","2026-03-11T05:57:47.931Z"
"","EU Funding & Tenders Portal","","","","","","","","","","","","","12","https://ec.europa.eu/info/funding-tenders/opportunities/portal/screen/opportunities/tender-details/39eb7b1c-dd8c-4c13-891b-57a8f3385075-CN","https://ec.europa.eu/info/funding-tenders/opportunities/portal/screen/opportunities/calls-for-tenders","0","0","0","2026-03-11T05:57:47.931Z"
"","EU Funding & Tenders Portal","","","","","","","","","","","","","13","https://ec.europa.eu/info/funding-tenders/opportunities/portal/screen/opportunities/tender-details/461516b0-ca68-486c-a3b8-e85483acab74-CN","https://ec.europa.eu/info/funding-tenders/opportunities/portal/screen/opportunities/calls-for-tenders","0","0","0","2026-03-11T05:57:47.931Z"
"","EU Funding & Tenders Portal","","","","","","","","","","","","","4","https://ec.europa.eu/info/funding-tenders/opportunities/portal/screen/opportunities/tender-details/1cfe52a9-5f94-4480-905e-fc007cddb3e3-CN","https://ec.europa.eu/info/funding-tenders/opportunities/portal/screen/opportunities/calls-for-tenders","0","0","0","2026-03-11T05:57:47.931Z"
"","EU Funding & Tenders Portal","","","","","","","","","","","","","13","https://ec.europa.eu/info/funding-tenders/opportunities/portal/screen/opportunities/tender-details/9fc274b8-ffd3-42b2-8c1d-5ace1e8e5b1d-CN","https://ec.europa.eu/info/funding-tenders/opportunities/portal/screen/opportunities/calls-for-tenders","0","0","0","2026-03-11T05:57:47.931Z"
"","EU Funding & Tenders Portal","","","","","","","","","","","","","13","https://ec.europa.eu/info/funding-tenders/opportunities/portal/screen/opportunities/tender-details/233b4919-9333-4f9a-8913-ab73edc06c71-CN","https://ec.europa.eu/info/funding-tenders/opportunities/portal/screen/opportunities/calls-for-tenders","0","0","0","2026-03-11T05:57:47.931Z"
"","EU Funding & Tenders Portal","","","","","","","","","","","","","4","https://ec.europa.eu/info/funding-tenders/opportunities/portal/screen/opportunities/tender-details/97a41328-5a87-4331-899a-bf993d783d22-CN","https://ec.europa.eu/info/funding-tenders/opportunities/portal/screen/opportunities/calls-for-tenders","0","0","0","2026-03-11T05:57:47.931Z"
"","EU Funding & Tenders Portal","","","","","","","","","","","","","5","https://ec.europa.eu/info/funding-tenders/opportunities/portal/screen/opportunities/tender-details/6ebeea9f-1be5-4b7c-9c10-8c21077c6267-CN","https://ec.europa.eu/info/funding-tenders/opportunities/portal/screen/opportunities/calls-for-tenders","0","0","0","2026-03-11T05:57:47.931Z"
"","EU Funding & Tenders Portal","","","","","","","","","","","","","3","https://ec.europa.eu/info/funding-tenders/opportunities/portal/screen/opportunities/tender-details/d5749340-139d-4c6d-b74d-7205f828ef1d-EXA","https://ec.europa.eu/info/funding-tenders/opportunities/portal/screen/opportunities/calls-for-tenders","0","0","0","2026-03-11T05:57:47.931Z"
"","EU Funding & Tenders Portal","","","","","","","","","","","","","3","https://ec.europa.eu/info/funding-tenders/opportunities/portal/screen/opportunities/tender-details/4f5a09cd-d3c1-493a-b57b-ca7d62e1030a-EXA","https://ec.europa.eu/info/funding-tenders/opportunities/portal/screen/opportunities/calls-for-tenders","0","0","0","2026-03-11T05:57:47.931Z"
"","EU Funding & Tenders Portal","","","","","","","","","","","","","13","https://ec.europa.eu/info/funding-tenders/opportunities/portal/screen/opportunities/tender-details/b2104221-c234-4492-8a86-46cf57b44e25-CN","https://ec.europa.eu/info/funding-tenders/opportunities/portal/screen/opportunities/calls-for-tenders","0","0","0","2026-03-11T05:57:47.931Z"
"","EU Funding & Tenders Portal","","","","","","","","","","","","","9","https://ec.europa.eu/info/funding-tenders/opportunities/portal/screen/opportunities/tender-details/c53c7d11-ef3d-47fc-8126-729d7d3c3028-CN","https://ec.europa.eu/info/funding-tenders/opportunities/portal/screen/opportunities/calls-for-tenders","0","0","0","2026-03-11T05:57:47.931Z"
"","EU Funding & Tenders Portal","","","","","","","","","","","","","12","https://ec.europa.eu/info/funding-tenders/opportunities/portal/screen/opportunities/tender-details/a7a8d35f-6fa8-4352-9fc3-79461107cfd2-CN","https://ec.europa.eu/info/funding-tenders/opportunities/portal/screen/opportunities/calls-for-tenders","0","0","0","2026-03-11T05:57:47.931Z"
"","EU Funding & Tenders Portal","","","","","","","","","","","","","7","https://ec.europa.eu/info/funding-tenders/opportunities/portal/screen/opportunities/tender-details/c3d7041b-c347-40d2-ad4f-7d67f7b99056-CN","https://ec.europa.eu/info/funding-tenders/opportunities/portal/screen/opportunities/calls-for-tenders","0","0","0","2026-03-11T05:57:47.931Z"
"","EU Funding & Tenders Portal","","","","","","","","","","","","","7","https://ec.europa.eu/info/funding-tenders/opportunities/portal/screen/opportunities/tender-details/f053c1de-b7f2-4d56-bfae-41e272f5a9e9-CN","https://ec.europa.eu/info/funding-tenders/opportunities/portal/screen/opportunities/calls-for-tenders","0","0","0","2026-03-11T05:57:47.931Z"
"","EU Funding & Tenders Portal","","","","","","","","","","","","","3","https://ec.europa.eu/info/funding-tenders/opportunities/portal/screen/opportunities/tender-details/c85df1a3-182e-46c5-b672-1fa0238d3442-EXA","https://ec.europa.eu/info/funding-tenders/opportunities/portal/screen/opportunities/calls-for-tenders","0","0","0","2026-03-11T05:57:47.931Z"
"","EU Funding & Tenders Portal","","","","","","","","","","","","","3","https://ec.europa.eu/info/funding-tenders/opportunities/portal/screen/opportunities/tender-details/a6642268-b140-4006-a5b7-4ab0f1f40ba1-EXA","https://ec.europa.eu/info/funding-tenders/opportunities/portal/screen/opportunities/calls-for-tenders","0","0","0","2026-03-11T05:57:47.931Z"
"","EU Funding & Tenders Portal","","","","","","","","","","","","","11","https://ec.europa.eu/info/funding-tenders/opportunities/portal/screen/opportunities/tender-details/5cc5a5bc-05ec-42cc-bc25-c46f22e111f1-CN","https://ec.europa.eu/info/funding-tenders/opportunities/portal/screen/opportunities/calls-for-tenders","0","0","0","2026-03-11T05:57:47.931Z"
"","EU Funding & Tenders Portal","","","","","","","","","","","","","10","https://ec.europa.eu/info/funding-tenders/opportunities/portal/screen/opportunities/tender-details/cd0f3506-7d20-4b6e-adaa-896eda4b1d07-CN","https://ec.europa.eu/info/funding-tenders/opportunities/portal/screen/opportunities/calls-for-tenders","0","0","0","2026-03-11T05:57:47.931Z"
"","EU Funding & Tenders Portal","","","","","","","","","","","","","12","https://ec.europa.eu/info/funding-tenders/opportunities/portal/screen/opportunities/tender-details/9db8f745-0e71-41e7-9861-d56fc650c170-CN","https://ec.europa.eu/info/funding-tenders/opportunities/portal/screen/opportunities/calls-for-tenders","0","0","0","2026-03-11T05:57:47.931Z"
"","EU Funding & Tenders Portal","","","","","","","","","","","","","13","https://ec.europa.eu/info/funding-tenders/opportunities/portal/screen/opportunities/tender-details/06c59aba-7d7d-4401-ae6c-639666e2800e-CN","https://ec.europa.eu/info/funding-tenders/opportunities/portal/screen/opportunities/calls-for-tenders","0","0","0","2026-03-11T05:57:47.931Z"
"","EU Funding & Tenders Portal","","","","","","","","","","","","","7","https://ec.europa.eu/info/funding-tenders/opportunities/portal/screen/opportunities/tender-details/58296b55-36dd-4bf9-a63d-2cd29b85bb5c-CN","https://ec.europa.eu/info/funding-tenders/opportunities/portal/screen/opportunities/calls-for-tenders","0","0","0","2026-03-11T05:57:47.931Z"
"","EU Funding & Tenders Portal","","","","","","","","","","","","","3","https://ec.europa.eu/info/funding-tenders/opportunities/portal/screen/opportunities/tender-details/7e2c366e-a6ad-4274-a512-f395386cdaa3-PIN","https://ec.europa.eu/info/funding-tenders/opportunities/portal/screen/opportunities/calls-for-tenders","0","0","0","2026-03-11T05:57:47.931Z"
"","EU Funding & Tenders Portal","","","","","","","","","","","","","3","https://ec.europa.eu/info/funding-tenders/opportunities/portal/screen/opportunities/tender-details/bb0a2e63-6439-4ab7-954c-887653be17be-EXA","https://ec.europa.eu/info/funding-tenders/opportunities/portal/screen/opportunities/calls-for-tenders","0","0","0","2026-03-11T05:57:47.931Z"
"","EU Funding & Tenders Portal","","","","","","","","","","","","","3","https://ec.europa.eu/info/funding-tenders/opportunities/portal/screen/opportunities/tender-details/404dfd29-4e25-4f15-8255-02dda9ce0424-EXA","https://ec.europa.eu/info/funding-tenders/opportunities/portal/screen/opportunities/calls-for-tenders","0","0","0","2026-03-11T05:57:47.931Z"
"","EU Funding & Tenders Portal","","","","","","","","","","","","","4","https://ec.europa.eu/info/funding-tenders/opportunities/portal/screen/opportunities/tender-details/d0964f3f-5dc7-4e01-83ed-7ee262dbf06c-CN","https://ec.europa.eu/info/funding-tenders/opportunities/portal/screen/opportunities/calls-for-tenders","0","0","0","2026-03-11T05:57:47.931Z"
"","EU Funding & Tenders Portal","","","","","","","","","","","","","13","https://ec.europa.eu/info/funding-tenders/opportunities/portal/screen/opportunities/tender-details/0bcbd47d-bc16-43e9-ad28-b10e52c4ead3-CN","https://ec.europa.eu/info/funding-tenders/opportunities/portal/screen/opportunities/calls-for-tenders","0","0","0","2026-03-11T05:57:47.931Z"
"","EU Funding & Tenders Portal","","","","","","","","","","","","","4","https://ec.europa.eu/info/funding-tenders/opportunities/portal/screen/opportunities/tender-details/3a1cc683-e491-4fe5-b6a6-f0c2f42a6455-CN","https://ec.europa.eu/info/funding-tenders/opportunities/portal/screen/opportunities/calls-for-tenders","0","0","0","2026-03-11T05:57:47.931Z"
"","EU Funding & Tenders Portal","","","","","","","","","","","","","4","https://ec.europa.eu/info/funding-tenders/opportunities/portal/screen/opportunities/tender-details/7c112e07-3313-4ba2-9627-692909cf3f0c-CN","https://ec.europa.eu/info/funding-tenders/opportunities/portal/screen/opportunities/calls-for-tenders","0","0","0","2026-03-11T05:57:47.931Z"
"","EU Funding & Tenders Portal","","","","","","","","","","","","","7","https://ec.europa.eu/info/funding-tenders/opportunities/portal/screen/opportunities/tender-details/55fbc075-185e-4fca-8147-8b8448024e48-CN","https://ec.europa.eu/info/funding-tenders/opportunities/portal/screen/opportunities/calls-for-tenders","0","0","0","2026-03-11T05:57:47.931Z"
"","EU Funding & Tenders Portal","","","","","","","","","","","","","3","https://ec.europa.eu/info/funding-tenders/opportunities/portal/screen/opportunities/tender-details/f8fd458b-2e91-460a-b487-cbb61c0a9e15-PIN","https://ec.europa.eu/info/funding-tenders/opportunities/portal/screen/opportunities/calls-for-tenders","0","0","0","2026-03-11T05:57:47.931Z"
"","EU Funding & Tenders Portal","","","","","","","","","","","","","3","https://ec.europa.eu/info/funding-tenders/opportunities/portal/screen/opportunities/tender-details/8253b4c6-3ea4-462b-9061-aacc9ed4a740-EXA","https://ec.europa.eu/info/funding-tenders/opportunities/portal/screen/opportunities/calls-for-tenders","0","0","0","2026-03-11T05:57:47.931Z"
"","EU Funding & Tenders Portal","","","","","","","","","","","","","4","https://ec.europa.eu/info/funding-tenders/opportunities/portal/screen/opportunities/tender-details/e47325a8-99b7-4651-86f8-b289da7fb133-EXA","https://ec.europa.eu/info/funding-tenders/opportunities/portal/screen/opportunities/calls-for-tenders","0","0","0","2026-03-11T05:57:47.931Z"
"","EU Funding & Tenders Portal","","","","","","","","","","","","","4","https://ec.europa.eu/info/funding-tenders/opportunities/portal/screen/opportunities/tender-details/1f8633c6-a2bd-49c0-94df-258ee58683ba-CN","https://ec.europa.eu/info/funding-tenders/opportunities/portal/screen/opportunities/calls-for-tenders","0","0","0","2026-03-11T05:57:47.931Z"
"","EU Funding & Tenders Portal","","","","","","","","","","","","","4","https://ec.europa.eu/info/funding-tenders/opportunities/portal/screen/opportunities/tender-details/3e4832e9-ead4-4053-a56e-d7f2ca53b2da-CN","https://ec.europa.eu/info/funding-tenders/opportunities/portal/screen/opportunities/calls-for-tenders","0","0","0","2026-03-11T05:57:47.931Z"
"","EU Funding & Tenders Portal","","","","","","","","","","","","","3","https://ec.europa.eu/info/funding-tenders/opportunities/portal/screen/opportunities/tender-details/0510e205-3df6-42c1-8135-22db920053a1-PIN","https://ec.europa.eu/info/funding-tenders/opportunities/portal/screen/opportunities/calls-for-tenders","0","0","0","2026-03-11T05:57:47.931Z"
"","EU Funding & Tenders Portal","","","","","","","","","","","","","4","https://ec.europa.eu/info/funding-tenders/opportunities/portal/screen/opportunities/tender-details/8837c220-4a2b-4817-9ddc-1b187b70661b-CN","https://ec.europa.eu/info/funding-tenders/opportunities/portal/screen/opportunities/calls-for-tenders","0","0","0","2026-03-11T05:57:47.931Z"
"","EU Funding & Tenders Portal","","","","","","","","","","","","","4","https://ec.europa.eu/info/funding-tenders/opportunities/portal/screen/opportunities/tender-details/fbfa377c-2fc5-4731-b4f7-e477a1e1cac2-CN","https://ec.europa.eu/info/funding-tenders/opportunities/portal/screen/opportunities/calls-for-tenders","0","0","0","2026-03-11T05:57:47.931Z"
"","EU Funding & Tenders Portal","","","","","","","","","","","","","4","https://ec.europa.eu/info/funding-tenders/opportunities/portal/screen/opportunities/tender-details/f279f7d5-e6b2-406a-8aaa-1ec06946201d-CN","https://ec.europa.eu/info/funding-tenders/opportunities/portal/screen/opportunities/calls-for-tenders","0","0","0","2026-03-11T05:57:47.931Z"
"","EU Funding & Tenders Portal","","","","","","","","","","","","","4","https://ec.europa.eu/info/funding-tenders/opportunities/portal/screen/opportunities/tender-details/6c7d1112-2d45-423f-ba2b-f4ddfcf1922c-CN","https://ec.europa.eu/info/funding-tenders/opportunities/portal/screen/opportunities/calls-for-tenders","0","0","0","2026-03-11T05:57:47.931Z"
"","EU Funding & Tenders Portal","","","","","","","","","","","","","4","https://ec.europa.eu/info/funding-tenders/opportunities/portal/screen/opportunities/tender-details/c8e5cc6d-b07b-4c5d-b81b-32aadcf77eaa-CN","https://ec.europa.eu/info/funding-tenders/opportunities/portal/screen/opportunities/calls-for-tenders","0","0","0","2026-03-11T05:57:47.931Z"
"","EU Funding & Tenders Portal","","","","","","","","","","","","","4","https://ec.europa.eu/info/funding-tenders/opportunities/portal/screen/opportunities/tender-details/e810e60b-09e4-43e1-9d7c-c4c2bb2c7991-CN","https://ec.europa.eu/info/funding-tenders/opportunities/portal/screen/opportunities/calls-for-tenders","0","0","0","2026-03-11T05:57:47.931Z"
"","EU Funding & Tenders Portal","","","","","","","","","","","","","4","https://ec.europa.eu/info/funding-tenders/opportunities/portal/screen/opportunities/tender-details/6073a91e-5519-44cc-b853-9c99b0e32c06-CN","https://ec.europa.eu/info/funding-tenders/opportunities/portal/screen/opportunities/calls-for-tenders","0","0","0","2026-03-11T05:57:47.931Z"
"","EU Funding & Tenders Portal","","","","","","","","","","","","","4","https://ec.europa.eu/info/funding-tenders/opportunities/portal/screen/opportunities/tender-details/2183c970-3bf2-4214-8268-6413d15a71d9-CN","https://ec.europa.eu/info/funding-tenders/opportunities/portal/screen/opportunities/calls-for-tenders","0","0","0","2026-03-11T05:57:47.931Z"
"","EU Funding & Tenders Portal","","","","","","","","","","","","","4","https://ec.europa.eu/info/funding-tenders/opportunities/portal/screen/opportunities/tender-details/a86ad435-6291-4a51-8e35-3c8daf342235-CN","https://ec.europa.eu/info/funding-tenders/opportunities/portal/screen/opportunities/calls-for-tenders","0","0","0","2026-03-11T05:57:47.931Z"
"","EU Funding & Tenders Portal","","","","","","","","","","","","","4","https://ec.europa.eu/info/funding-tenders/opportunities/portal/screen/opportunities/tender-details/c64f60aa-b31b-4463-9860-4bdd37fb1336-CN","https://ec.europa.eu/info/funding-tenders/opportunities/portal/screen/opportunities/calls-for-tenders","0","0","0","2026-03-11T05:57:47.931Z"
"","EU Funding & Tenders Portal","","","","","","","","","","","","","4","https://ec.europa.eu/info/funding-tenders/opportunities/portal/screen/opportunities/tender-details/47dace47-7542-4eb1-9e11-132f87d2aa89-CN","https://ec.europa.eu/info/funding-tenders/opportunities/portal/screen/opportunities/calls-for-tenders","0","0","0","2026-03-11T05:57:47.931Z"
"","EU Funding & Tenders Portal","","","","","","","","","","","","","4","https://ec.europa.eu/info/funding-tenders/opportunities/portal/screen/opportunities/tender-details/59f8342a-cbfa-47e4-b656-5bc126c78a43-CN","https://ec.europa.eu/info/funding-tenders/opportunities/portal/screen/opportunities/calls-for-tenders","0","0","0","2026-03-11T05:57:47.931Z"
"","EU Funding & Tenders Portal","","","","","","","","","","","","","4","https://ec.europa.eu/info/funding-tenders/opportunities/portal/screen/opportunities/tender-details/6ba1af07-1699-4441-93e3-02ae44e7be81-CN","https://ec.europa.eu/info/funding-tenders/opportunities/portal/screen/opportunities/calls-for-tenders","0","0","0","2026-03-11T05:57:47.931Z"
"","EU Funding & Tenders Portal","","","","","","","","","","","","","3","https://ec.europa.eu/info/funding-tenders/opportunities/portal/screen/opportunities/tender-details/e4191dea-5ef8-48e0-9c67-6b5243d99994-CN","https://ec.europa.eu/info/funding-tenders/opportunities/portal/screen/opportunities/calls-for-tenders","0","0","0","2026-03-11T05:57:47.931Z"
"","EU Funding & Tenders Portal","","","","","","","","","","","","","4","https://ec.europa.eu/info/funding-tenders/opportunities/portal/screen/opportunities/tender-details/e7403e77-a245-44ce-b7da-1aa1439aae32-CN","https://ec.europa.eu/info/funding-tenders/opportunities/portal/screen/opportunities/calls-for-tenders","0","0","0","2026-03-11T05:57:47.931Z"
"","EU Funding & Tenders Portal","","","","","","","","","","","","","4","https://ec.europa.eu/info/funding-tenders/opportunities/portal/screen/opportunities/tender-details/ee01f56a-194f-40c1-8fbc-beed9dc588c1-CN","https://ec.europa.eu/info/funding-tenders/opportunities/portal/screen/opportunities/calls-for-tenders","0","0","0","2026-03-11T05:57:47.931Z"
"","EU Funding & Tenders Portal","","","","","","","","","","","","","4","https://ec.europa.eu/info/funding-tenders/opportunities/portal/screen/opportunities/tender-details/92ef07a0-c5a8-49f1-8df4-fe6a8147a21c-CN","https://ec.europa.eu/info/funding-tenders/opportunities/portal/screen/opportunities/calls-for-tenders","0","0","0","2026-03-11T05:57:47.931Z"
"","EU Funding & Tenders Portal","","","","","","","","","","","","","4","https://ec.europa.eu/info/funding-tenders/opportunities/portal/screen/opportunities/tender-details/5ca6866a-be71-4d72-915a-1f51b47bc676-CN","https://ec.europa.eu/info/funding-tenders/opportunities/portal/screen/opportunities/calls-for-tenders","0","0","0","2026-03-11T05:57:47.931Z"
"","EU Funding & Tenders Portal","","","","","","","","","","","","","4","https://ec.europa.eu/info/funding-tenders/opportunities/portal/screen/opportunities/tender-details/45f6880d-ef24-4290-942b-b201bd9cb308-CN","https://ec.europa.eu/info/funding-tenders/opportunities/portal/screen/opportunities/calls-for-tenders","0","0","0","2026-03-11T05:57:47.931Z"
"","EU Funding & Tenders Portal","","","","","","","","","","","","","4","https://ec.europa.eu/info/funding-tenders/opportunities/portal/screen/opportunities/tender-details/a2f19432-0a60-4b8c-a698-b24626cd27a8-CN","https://ec.europa.eu/info/funding-tenders/opportunities/portal/screen/opportunities/calls-for-tenders","0","0","0","2026-03-11T05:57:47.931Z"
"","EU Funding & Tenders Portal","","","","","","","","","","","","","4","https://ec.europa.eu/info/funding-tenders/opportunities/portal/screen/opportunities/tender-details/856a8777-48a6-4084-8e50-17659b425c39-CN","https://ec.europa.eu/info/funding-tenders/opportunities/portal/screen/opportunities/calls-for-tenders","0","0","0","2026-03-11T05:57:47.931Z"
"","EU Funding & Tenders Portal","","","","","","","","","","","","","12","https://ec.europa.eu/info/funding-tenders/opportunities/portal/screen/opportunities/tender-details/fc43286f-16f2-4465-871e-1e0898c3db89-CN","https://ec.europa.eu/info/funding-tenders/opportunities/portal/screen/opportunities/calls-for-tenders","0","0","0","2026-03-11T05:57:47.931Z"
"","EU Funding & Tenders Portal","","","","","","","","","","","","","4","https://ec.europa.eu/info/funding-tenders/opportunities/portal/screen/opportunities/tender-details/6147379c-b376-404c-8397-d2265bead50c-CN","https://ec.europa.eu/info/funding-tenders/opportunities/portal/screen/opportunities/calls-for-tenders","0","0","0","2026-03-11T05:57:47.931Z"
"","EU Funding & Tenders Portal","","","","","","","","","","","","","4","https://ec.europa.eu/info/funding-tenders/opportunities/portal/screen/opportunities/tender-details/596544f0-690d-4c9f-840d-74ed70aa1e6f-CN","https://ec.europa.eu/info/funding-tenders/opportunities/portal/screen/opportunities/calls-for-tenders","0","0","0","2026-03-11T05:57:47.931Z"
"","EU Funding & Tenders Portal","","","","","","","","","","","","","4","https://ec.europa.eu/info/funding-tenders/opportunities/portal/screen/opportunities/tender-details/8732235c-b8e7-49be-91fb-7a9eeeb66e61-CN","https://ec.europa.eu/info/funding-tenders/opportunities/portal/screen/opportunities/calls-for-tenders","0","0","0","2026-03-11T05:57:47.931Z"
"","EU Funding & Tenders Portal","","","","","","","","","","","","","4","https://ec.europa.eu/info/funding-tenders/opportunities/portal/screen/opportunities/tender-details/04ce8e3f-d8b6-4575-8836-6cbf7427e765-CN","https://ec.europa.eu/info/funding-tenders/opportunities/portal/screen/opportunities/calls-for-tenders","0","0","0","2026-03-11T05:57:47.931Z"
"","EU Funding & Tenders Portal","","","","","","","","","","","","","4","https://ec.europa.eu/info/funding-tenders/opportunities/portal/screen/opportunities/tender-details/3f955ed0-e207-4088-8871-95abd85e0a17-CN","https://ec.europa.eu/info/funding-tenders/opportunities/portal/screen/opportunities/calls-for-tenders","0","0","0","2026-03-11T05:57:47.931Z"
"","EU Funding & Tenders Portal","","","","","","","","","","","","","4","https://ec.europa.eu/info/funding-tenders/opportunities/portal/screen/opportunities/tender-details/3570c500-a8e7-48e5-9156-63f18ebbb064-CN","https://ec.europa.eu/info/funding-tenders/opportunities/portal/screen/opportunities/calls-for-tenders","0","0","0","2026-03-11T05:57:47.931Z"
"","EU Funding & Tenders Portal","","","","","","","","","","","","","4","https://ec.europa.eu/info/funding-tenders/opportunities/portal/screen/opportunities/tender-details/24176c9f-c22a-4905-b303-000a4a68d927-CN","https://ec.europa.eu/info/funding-tenders/opportunities/portal/screen/opportunities/calls-for-tenders","0","0","0","2026-03-11T05:57:47.931Z"
"","EU Funding & Tenders Portal","","","","","","","","","","","","","3","https://ec.europa.eu/info/funding-tenders/opportunities/portal/screen/opportunities/tender-details/406e7bd0-c883-46ef-9fc5-8864b7bfc5be-EXA","https://ec.europa.eu/info/funding-tenders/opportunities/portal/screen/opportunities/calls-for-tenders","0","0","0","2026-03-11T05:57:47.931Z"
"","EU Funding & Tenders Portal","","","","","","","","","","","","","3","https://ec.europa.eu/info/funding-tenders/opportunities/portal/screen/opportunities/tender-details/88c28bcf-caf1-4dc8-9e52-cab88ac87c72-EXA","https://ec.europa.eu/info/funding-tenders/opportunities/portal/screen/opportunities/calls-for-tenders","0","0","0","2026-03-11T05:57:47.931Z"
"","EU Funding & Tenders Portal","","","","","","","","","","","","","3","https://ec.europa.eu/info/funding-tenders/opportunities/portal/screen/opportunities/tender-details/8552d3a2-4a8a-4be6-93d2-3c598f31e982-PIN","https://ec.europa.eu/info/funding-tenders/opportunities/portal/screen/opportunities/calls-for-tenders","0","0","0","2026-03-11T05:57:47.931Z"
"","EU Funding & Tenders Portal","","","","","","","","","","","","","9","https://ec.europa.eu/info/funding-tenders/opportunities/portal/screen/opportunities/tender-details/259f74cb-5c4c-4a69-aab4-25809cc8f178-CN","https://ec.europa.eu/info/funding-tenders/opportunities/portal/screen/opportunities/calls-for-tenders","0","0","0","2026-03-11T05:57:47.931Z"
"","EU Funding & Tenders Portal","","","","","","","","","","","","","4","https://ec.europa.eu/info/funding-tenders/opportunities/portal/screen/opportunities/tender-details/ae0190b1-00e2-4325-9b3c-c4cb88a7e568-CN","https://ec.europa.eu/info/funding-tenders/opportunities/portal/screen/opportunities/calls-for-tenders","0","0","0","2026-03-11T05:57:47.931Z"
"","EU Funding & Tenders Portal","","","","","","","","","","","","","3","https://ec.europa.eu/info/funding-tenders/opportunities/portal/screen/opportunities/tender-details/634630c9-71fa-4344-a537-d58f46ba10d4-PIN","https://ec.europa.eu/info/funding-tenders/opportunities/portal/screen/opportunities/calls-for-tenders","0","0","0","2026-03-11T05:57:47.931Z"
"","EU Funding & Tenders Portal","","","","","","","","","","","","","3","https://ec.europa.eu/info/funding-tenders/opportunities/portal/screen/opportunities/tender-details/c9eef1de-9fe1-4c5a-ab68-56e9587677c8-PIN","https://ec.europa.eu/info/funding-tenders/opportunities/portal/screen/opportunities/calls-for-tenders","0","0","0","2026-03-11T05:57:47.931Z"
"","EU Funding & Tenders Portal","","","","","","","","","","","","","11","https://ec.europa.eu/info/funding-tenders/opportunities/portal/screen/opportunities/tender-details/6f376b05-2969-4a09-ba40-2a7d4a6868d5-CN","https://ec.europa.eu/info/funding-tenders/opportunities/portal/screen/opportunities/calls-for-tenders","0","0","0","2026-03-11T05:57:47.931Z"
"","EU Funding & Tenders Portal","","","","","","","","","","","","","4","https://ec.europa.eu/info/funding-tenders/opportunities/portal/screen/opportunities/tender-details/cec6c959-3cb8-4266-b694-c32d5ac0dcb1-CN","https://ec.europa.eu/info/funding-tenders/opportunities/portal/screen/opportunities/calls-for-tenders","0","0","0","2026-03-11T05:57:47.931Z"
"","EU Funding & Tenders Portal","","","","","","","","","","","","","3","https://ec.europa.eu/info/funding-tenders/opportunities/portal/screen/opportunities/tender-details/e33fd6d3-6547-499a-81eb-cd7807829c35-PIN","https://ec.europa.eu/info/funding-tenders/opportunities/portal/screen/opportunities/calls-for-tenders","0","0","0","2026-03-11T05:57:47.931Z"
"","EU Funding & Tenders Portal","","","","","","","","","","","","","7","https://ec.europa.eu/info/funding-tenders/opportunities/portal/screen/opportunities/tender-details/035a37a9-adf8-47a8-a24a-eba035dc235b-CN","https://ec.europa.eu/info/funding-tenders/opportunities/portal/screen/opportunities/calls-for-tenders","0","0","0","2026-03-11T05:57:47.931Z"
"","EU Funding & Tenders Portal","","","","","","","","","","","","","3","https://ec.europa.eu/info/funding-tenders/opportunities/portal/screen/opportunities/tender-details/c4698879-3837-4e81-b12e-a4dfede3b617-EXA","https://ec.europa.eu/info/funding-tenders/opportunities/portal/screen/opportunities/calls-for-tenders","0","0","0","2026-03-11T05:57:47.931Z"
"","EU Funding & Tenders Portal","","","","","","","","","","","","","3","https://ec.europa.eu/info/funding-tenders/opportunities/portal/screen/opportunities/tender-details/4e6b5ffa-d4a0-429d-a18e-4f597aa33c03-EXA","https://ec.europa.eu/info/funding-tenders/opportunities/portal/screen/opportunities/calls-for-tenders","0","0","0","2026-03-11T05:57:47.931Z"
"","EU Funding & Tenders Portal","","","","","","","","","","","","","3","https://ec.europa.eu/info/funding-tenders/opportunities/portal/screen/opportunities/tender-details/46561e99-075c-47bd-b8fd-a0b03e8a452d-EXA","https://ec.europa.eu/info/funding-tenders/opportunities/portal/screen/opportunities/calls-for-tenders","0","0","0","2026-03-11T05:57:47.931Z"
"","EU Funding & Tenders Portal","","","","","","","","","","","","","13","https://ec.europa.eu/info/funding-tenders/opportunities/portal/screen/opportunities/tender-details/b8cf20b6-6c9b-424f-b82a-e87de79ee4f8-CN","https://ec.europa.eu/info/funding-tenders/opportunities/portal/screen/opportunities/calls-for-tenders","0","0","0","2026-03-11T05:57:47.931Z"
"","EU Funding & Tenders Portal","","","","","","","","","","","","","3","https://ec.europa.eu/info/funding-tenders/opportunities/portal/screen/opportunities/tender-details/213a3697-0456-44b4-a0e3-6a27edecd607-PIN","https://ec.europa.eu/info/funding-tenders/opportunities/portal/screen/opportunities/calls-for-tenders","0","0","0","2026-03-11T05:57:47.931Z"
"","EU Funding & Tenders Portal","","","","","","","","","","","","","6","https://ec.europa.eu/info/funding-tenders/opportunities/portal/screen/opportunities/tender-details/fc5034f6-3bab-429f-8640-67d8501dfc91-CN","https://ec.europa.eu/info/funding-tenders/opportunities/portal/screen/opportunities/calls-for-tenders","0","0","0","2026-03-11T05:57:47.931Z"
"","EU Funding & Tenders Portal","","","","","","","","","","","","","3","https://ec.europa.eu/info/funding-tenders/opportunities/portal/screen/opportunities/tender-details/c7cf8cf5-f36b-401d-acc2-ac7aa744c27e-PIN","https://ec.europa.eu/info/funding-tenders/opportunities/portal/screen/opportunities/calls-for-tenders","0","0","0","2026-03-11T05:57:47.931Z"
"","EU Funding & Tenders Portal","","","","","","","","","","","","","3","https://ec.europa.eu/info/funding-tenders/opportunities/portal/screen/opportunities/tender-details/9f31ccfe-0b3b-418f-8b42-124bcf8263e1-PIN","https://ec.europa.eu/info/funding-tenders/opportunities/portal/screen/opportunities/calls-for-tenders","0","0","0","2026-03-11T05:57:47.931Z"
"","EU Funding & Tenders Portal","","","","","","","","","","","","","3","https://ec.europa.eu/info/funding-tenders/opportunities/portal/screen/opportunities/tender-details/2933b484-5bd6-4b12-b178-fe6be95d0cb1-EXA","https://ec.europa.eu/info/funding-tenders/opportunities/portal/screen/opportunities/calls-for-tenders","0","0","0","2026-03-11T05:57:47.931Z"
"","EU Funding & Tenders Portal","","","","","","","","","","","","","5","https://ec.europa.eu/info/funding-tenders/opportunities/portal/screen/opportunities/tender-details/3f84ebea-5fa4-4a52-a1a7-6e8b8c098e7a-CN","https://ec.europa.eu/info/funding-tenders/opportunities/portal/screen/opportunities/calls-for-tenders","0","0","0","2026-03-11T05:57:47.931Z"
"","EU Funding & Tenders Portal","","","","","","","","","","","","","10","https://ec.europa.eu/info/funding-tenders/opportunities/portal/screen/opportunities/tender-details/b8494f3e-2287-4ec0-a78b-5a563d55a5b5-CN","https://ec.europa.eu/info/funding-tenders/opportunities/portal/screen/opportunities/calls-for-tenders","0","0","0","2026-03-11T05:57:47.931Z"
"","EU Funding & Tenders Portal","","","","","","","","","","","","","3","https://ec.europa.eu/info/funding-tenders/opportunities/portal/screen/opportunities/tender-details/f796ca5a-92c8-4afb-82e1-4db545df6b82-PIN","https://ec.europa.eu/info/funding-tenders/opportunities/portal/screen/opportunities/calls-for-tenders","0","0","0","2026-03-11T05:57:47.931Z"
"","EU Funding & Tenders Portal","","","","","","","","","","","","","4","https://ec.europa.eu/info/funding-tenders/opportunities/portal/screen/opportunities/tender-details/55e1684d-63a9-44f4-a5ba-82084d06dbc2-CN","https://ec.europa.eu/info/funding-tenders/opportunities/portal/screen/opportunities/calls-for-tenders","0","0","0","2026-03-11T05:57:47.931Z"
"","EU Funding & Tenders Portal","","","","","","","","","","","","","3","https://ec.europa.eu/info/funding-tenders/opportunities/portal/screen/opportunities/tender-details/236a1975-100c-43ad-9090-9df74e9f9c9e-PIN","https://ec.europa.eu/info/funding-tenders/opportunities/portal/screen/opportunities/calls-for-tenders","0","0","0","2026-03-11T05:57:47.931Z"
"","EU Funding & Tenders Portal","","","","","","","","","","","","","3","https://ec.europa.eu/info/funding-tenders/opportunities/portal/screen/opportunities/tender-details/2897ab39-b54a-4a28-94cd-9fad4fa810e6-PIN","https://ec.europa.eu/info/funding-tenders/opportunities/portal/screen/opportunities/calls-for-tenders","0","0","0","2026-03-11T05:57:47.931Z"
"","EU Funding & Tenders Portal","","","","","","","","","","","","","3","https://ec.europa.eu/info/funding-tenders/opportunities/portal/screen/opportunities/tender-details/0e848a85-7acd-4afe-8d07-4faa0d86523c-PIN","https://ec.europa.eu/info/funding-tenders/opportunities/portal/screen/opportunities/calls-for-tenders","0","0","0","2026-03-11T05:57:47.931Z"
"","EU Funding & Tenders Portal","","","","","","","","","","","","","7","https://ec.europa.eu/info/funding-tenders/opportunities/portal/screen/opportunities/tender-details/5b96f144-f60f-4d47-bb7c-e7fb7c9f8657-CN","https://ec.europa.eu/info/funding-tenders/opportunities/portal/screen/opportunities/calls-for-tenders","0","0","0","2026-03-11T05:57:47.931Z"
"","EU Funding & Tenders Portal","","","","","","","","","","","","","16","https://ec.europa.eu/info/funding-tenders/opportunities/portal/screen/opportunities/tender-details/2706a417-086c-4559-8615-a759f7daf91d-CN","https://ec.europa.eu/info/funding-tenders/opportunities/portal/screen/opportunities/calls-for-tenders","0","0","0","2026-03-11T05:57:47.931Z"
"","EU Funding & Tenders Portal","","","","","","","","","","","","","3","https://ec.europa.eu/info/funding-tenders/opportunities/portal/screen/opportunities/tender-details/d456b479-b727-4e12-af0b-3a0605ff7708-PIN","https://ec.europa.eu/info/funding-tenders/opportunities/portal/screen/opportunities/calls-for-tenders","0","0","0","2026-03-11T05:57:47.931Z"
"","EU Funding & Tenders Portal","","","","","","","","","","","","","6","https://ec.europa.eu/info/funding-tenders/opportunities/portal/screen/opportunities/tender-details/91123f98-2e67-4004-b732-37af72d175e3-CN","https://ec.europa.eu/info/funding-tenders/opportunities/portal/screen/opportunities/calls-for-tenders","0","0","0","2026-03-11T05:57:47.931Z"
"","EU Funding & Tenders Portal","","","","","","","","","","","","","6","https://ec.europa.eu/info/funding-tenders/opportunities/portal/screen/opportunities/tender-details/02ea5f5c-3122-4e73-a32a-dfb5ff0f395c-CN","https://ec.europa.eu/info/funding-tenders/opportunities/portal/screen/opportunities/calls-for-tenders","0","0","0","2026-03-11T05:57:47.931Z"
"","EU Funding & Tenders Portal","","","","","","","","","","","","","3","https://ec.europa.eu/info/funding-tenders/opportunities/portal/screen/opportunities/tender-details/b9f35070-d7b4-4ab5-98ea-a642bdbfe253-PIN","https://ec.europa.eu/info/funding-tenders/opportunities/portal/screen/opportunities/calls-for-tenders","0","0","0","2026-03-11T05:57:47.931Z"
"","EU Funding & Tenders Portal","","","","","","","","","","","","","3","https://ec.europa.eu/info/funding-tenders/opportunities/portal/screen/opportunities/tender-details/738b7476-da15-4782-bcd2-fdadfa6bddb7-PIN","https://ec.europa.eu/info/funding-tenders/opportunities/portal/screen/opportunities/calls-for-tenders","0","0","0","2026-03-11T05:57:47.931Z"
"","EU Funding & Tenders Portal","","","","","","","","","","","","","4","https://ec.europa.eu/info/funding-tenders/opportunities/portal/screen/opportunities/tender-details/04fe37b2-ebca-4ea3-86e5-6dd1da737f78-CN","https://ec.europa.eu/info/funding-tenders/opportunities/portal/screen/opportunities/calls-for-tenders","0","0","0","2026-03-11T05:57:47.931Z"
"","EU Funding & Tenders Portal","","","","","","","","","","","","","7","https://ec.europa.eu/info/funding-tenders/opportunities/portal/screen/opportunities/tender-details/96b1b7ff-6e40-4c72-a35b-ff9e0d9d26c0-CN","https://ec.europa.eu/info/funding-tenders/opportunities/portal/screen/opportunities/calls-for-tenders","0","0","0","2026-03-11T05:57:47.931Z"
"","EU Funding & Tenders Portal","","","","","","","","","","","","","9","https://ec.europa.eu/info/funding-tenders/opportunities/portal/screen/opportunities/tender-details/9b56affd-ba34-4fbb-9505-8bf5ecf7b23e-CN","https://ec.europa.eu/info/funding-tenders/opportunities/portal/screen/opportunities/calls-for-tenders","0","0","0","2026-03-11T05:57:47.931Z"
"","EU Funding & Tenders Portal","","","","","","","","","","","","","3","https://ec.europa.eu/info/funding-tenders/opportunities/portal/screen/opportunities/tender-details/27b618e1-2220-4df6-b4cb-447472b17b3e-PIN","https://ec.europa.eu/info/funding-tenders/opportunities/portal/screen/opportunities/calls-for-tenders","0","0","0","2026-03-11T05:57:47.931Z"
"","EU Funding & Tenders Portal","","","","","","","","","","","","","7","https://ec.europa.eu/info/funding-tenders/opportunities/portal/screen/opportunities/tender-details/2eabf273-6822-4e30-9693-02060f03622b-CN","https://ec.europa.eu/info/funding-tenders/opportunities/portal/screen/opportunities/calls-for-tenders","0","0","0","2026-03-11T05:57:47.931Z"
"","EU Funding & Tenders Portal","","","","","","","","","","","","","8","https://ec.europa.eu/info/funding-tenders/opportunities/portal/screen/opportunities/tender-details/e8fb8d63-fe4e-4acc-9292-439c2a97862b-CN","https://ec.europa.eu/info/funding-tenders/opportunities/portal/screen/opportunities/calls-for-tenders","0","0","0","2026-03-11T05:57:47.931Z"
"","EU Funding & Tenders Portal","","","","","","","","","","","","","3","https://ec.europa.eu/info/funding-tenders/opportunities/portal/screen/opportunities/tender-details/645ac0ab-a0ae-42b2-9912-f1c2497b9cbf-EXA","https://ec.europa.eu/info/funding-tenders/opportunities/portal/screen/opportunities/calls-for-tenders","0","0","0","2026-03-11T05:57:47.931Z"
"","EU Funding & Tenders Portal","","","","","","","","","","","","","3","https://ec.europa.eu/info/funding-tenders/opportunities/portal/screen/opportunities/tender-details/e8db125f-28c4-437d-b42c-f598de411d27-EXA","https://ec.europa.eu/info/funding-tenders/opportunities/portal/screen/opportunities/calls-for-tenders","0","0","0","2026-03-11T05:57:47.931Z"
"","EU Funding & Tenders Portal","","","","","","","","","","","","","6","https://ec.europa.eu/info/funding-tenders/opportunities/portal/screen/opportunities/tender-details/b2cc13fb-5096-4e6d-926d-a13ff5a77c99-CN","https://ec.europa.eu/info/funding-tenders/opportunities/portal/screen/opportunities/calls-for-tenders","0","0","0","2026-03-11T05:57:47.931Z"
"","EU Funding & Tenders Portal","","","","","","","","","","","","","3","https://ec.europa.eu/info/funding-tenders/opportunities/portal/screen/opportunities/tender-details/bf917cfe-9240-4d6c-9934-d54609026463","https://ec.europa.eu/info/funding-tenders/opportunities/portal/screen/opportunities/calls-for-tenders","0","0","0","2026-03-11T05:57:47.931Z"
"","EU Funding & Tenders Portal","","","","","","","","","","","","","3","https://ec.europa.eu/info/funding-tenders/opportunities/portal/screen/opportunities/tender-details/e4bc2686-05e2-47c9-8817-af8918ece03d-PIN","https://ec.europa.eu/info/funding-tenders/opportunities/portal/screen/opportunities/calls-for-tenders","0","0","0","2026-03-11T05:57:47.931Z"
"","EU Funding & Tenders Portal","","","","","","","","","","","","","7","https://ec.europa.eu/info/funding-tenders/opportunities/portal/screen/opportunities/tender-details/138cf528-fdb5-4c67-af92-c280d0ce236c-CN","https://ec.europa.eu/info/funding-tenders/opportunities/portal/screen/opportunities/calls-for-tenders","0","0","0","2026-03-11T05:57:47.931Z"
"","EU Funding & Tenders Portal","","","","","","","","","","","","","13","https://ec.europa.eu/info/funding-tenders/opportunities/portal/screen/opportunities/tender-details/b2e65902-5055-43fa-8972-a32732acd384-CN","https://ec.europa.eu/info/funding-tenders/opportunities/portal/screen/opportunities/calls-for-tenders","0","0","0","2026-03-11T05:57:47.931Z"
"","EU Funding & Tenders Portal","","","","","","","","","","","","","14","https://ec.europa.eu/info/funding-tenders/opportunities/portal/screen/opportunities/tender-details/46efa2b3-2725-4b2f-af8e-91426b688388-CN","https://ec.europa.eu/info/funding-tenders/opportunities/portal/screen/opportunities/calls-for-tenders","0","0","0","2026-03-11T05:57:47.931Z"
"","EU Funding & Tenders Portal","","","","","","","","","","","","","3","https://ec.europa.eu/info/funding-tenders/opportunities/portal/screen/opportunities/tender-details/31f77595-e9c9-4a3e-806f-780d1642cc09-PIN","https://ec.europa.eu/info/funding-tenders/opportunities/portal/screen/opportunities/calls-for-tenders","0","0","0","2026-03-11T05:57:47.931Z"
"","EU Funding & Tenders Portal","","","","","","","","","","","","","23","https://ec.europa.eu/info/funding-tenders/opportunities/portal/screen/opportunities/tender-details/0bcba0c1-d068-4767-8cc3-983509972c35-CN","https://ec.europa.eu/info/funding-tenders/opportunities/portal/screen/opportunities/calls-for-tenders","0","0","0","2026-03-11T05:57:47.931Z"
"","EU Funding & Tenders Portal","","","","","","","","","","","","","3","https://ec.europa.eu/info/funding-tenders/opportunities/portal/screen/opportunities/tender-details/ef330f39-f628-4f0d-93aa-17b5c75c2f0f-PIN","https://ec.europa.eu/info/funding-tenders/opportunities/portal/screen/opportunities/calls-for-tenders","0","0","0","2026-03-11T05:57:47.931Z"
"","EU Funding & Tenders Portal","","","","","","","","","","","","","3","https://ec.europa.eu/info/funding-tenders/opportunities/portal/screen/opportunities/tender-details/cd0f3506-7d20-4b6e-adaa-896eda4b1d07-PIN","https://ec.europa.eu/info/funding-tenders/opportunities/portal/screen/opportunities/calls-for-tenders","0","0","0","2026-03-11T05:57:47.931Z"
"","EU Funding & Tenders Portal","","","","","","","","","","","","","6","https://ec.europa.eu/info/funding-tenders/opportunities/portal/screen/opportunities/tender-details/c7d3dd43-ff76-4ce2-aa80-f2d0adafa10f-CN","https://ec.europa.eu/info/funding-tenders/opportunities/portal/screen/opportunities/calls-for-tenders","0","0","0","2026-03-11T05:57:47.931Z"
"","EU Funding & Tenders Portal","","","","","","","","","","","","","6","https://ec.europa.eu/info/funding-tenders/opportunities/portal/screen/opportunities/tender-details/09edf55f-3711-4fa5-8566-212b0ffd7236-CN","https://ec.europa.eu/info/funding-tenders/opportunities/portal/screen/opportunities/calls-for-tenders","0","0","0","2026-03-11T05:57:47.931Z"
"","EU Funding & Tenders Portal","","","","","","","","","","","","","12","https://ec.europa.eu/info/funding-tenders/opportunities/portal/screen/opportunities/tender-details/f7277ac5-6cb0-4d0a-876d-3e2e5e054bcd-CN","https://ec.europa.eu/info/funding-tenders/opportunities/portal/screen/opportunities/calls-for-tenders","0","0","0","2026-03-11T05:57:47.931Z"
"","EU Funding & Tenders Portal","","","","","","","","","","","","","13","https://ec.europa.eu/info/funding-tenders/opportunities/portal/screen/opportunities/tender-details/2bfdae96-6962-4c5c-92ae-dc67aeb08f5b-CN","https://ec.europa.eu/info/funding-tenders/opportunities/portal/screen/opportunities/calls-for-tenders","0","0","0","2026-03-11T05:57:47.931Z"
"","EU Funding & Tenders Portal","","","","","","","","","","","","","16","https://ec.europa.eu/info/funding-tenders/opportunities/portal/screen/opportunities/tender-details/d91a54be-aaca-41c2-83cb-6f6cd9220c44-CN","https://ec.europa.eu/info/funding-tenders/opportunities/portal/screen/opportunities/calls-for-tenders","0","0","0","2026-03-11T05:57:47.931Z"
"","EU Funding & Tenders Portal","","","","","","","","","","","","","3","https://ec.europa.eu/info/funding-tenders/opportunities/portal/screen/opportunities/tender-details/a597a832-02b1-4de0-bc27-3ea15cbc76e0-EXA","https://ec.europa.eu/info/funding-tenders/opportunities/portal/screen/opportunities/calls-for-tenders","0","0","0","2026-03-11T05:57:47.931Z"
"","EU Funding & Tenders Portal","","","","","","","","","","","","","7","https://ec.europa.eu/info/funding-tenders/opportunities/portal/screen/opportunities/tender-details/9dc1af6f-957a-422f-87a4-387e72ff3490-CN","https://ec.europa.eu/info/funding-tenders/opportunities/portal/screen/opportunities/calls-for-tenders","0","0","0","2026-03-11T05:57:47.931Z"
"","EU Funding & Tenders Portal","","","","","","","","","","","","","3","https://ec.europa.eu/info/funding-tenders/opportunities/portal/screen/opportunities/tender-details/740d40c2-c82a-4ad0-83d1-188f974ab06a-PIN","https://ec.europa.eu/info/funding-tenders/opportunities/portal/screen/opportunities/calls-for-tenders","0","0","0","2026-03-11T05:57:47.931Z"
"","EU Funding & Tenders Portal","","","","","","","","","","","","","3","https://ec.europa.eu/info/funding-tenders/opportunities/portal/screen/opportunities/tender-details/74dd777e-b7e8-43d9-871c-721a455dae05-PIN","https://ec.europa.eu/info/funding-tenders/opportunities/portal/screen/opportunities/calls-for-tenders","0","0","0","2026-03-11T05:57:47.931Z"
"","EU Funding & Tenders Portal","","","","","","","","","","","","","3","https://ec.europa.eu/info/funding-tenders/opportunities/portal/screen/opportunities/tender-details/751a7a9c-0e5b-4230-8ff7-b5d4f8a9ca5d-PIN","https://ec.europa.eu/info/funding-tenders/opportunities/portal/screen/opportunities/calls-for-tenders","0","0","0","2026-03-11T05:57:47.931Z"
"","EU Funding & Tenders Portal","","","","","","","","","","","","","7","https://ec.europa.eu/info/funding-tenders/opportunities/portal/screen/opportunities/tender-details/c95f78a0-9156-4bf8-99c9-c9c95a72cd3b-CN","https://ec.europa.eu/info/funding-tenders/opportunities/portal/screen/opportunities/calls-for-tenders","0","0","0","2026-03-11T05:57:47.931Z"
"","EU Funding & Tenders Portal","","","","","","","","","","","","","10","https://ec.europa.eu/info/funding-tenders/opportunities/portal/screen/opportunities/tender-details/1311c199-91ff-4e11-8256-8a1774a8b357-CN","https://ec.europa.eu/info/funding-tenders/opportunities/portal/screen/opportunities/calls-for-tenders","0","0","0","2026-03-11T05:57:47.931Z"
"","EU Funding & Tenders Portal","","","","","","","","","","","","","5","https://ec.europa.eu/info/funding-tenders/opportunities/portal/screen/opportunities/tender-details/9cd7adf8-b4ab-4149-b97e-f370369fb1cf-CN","https://ec.europa.eu/info/funding-tenders/opportunities/portal/screen/opportunities/calls-for-tenders","0","0","0","2026-03-11T05:57:47.931Z"
"","EU Funding & Tenders Portal","","","","","","","","","","","","","16","https://ec.europa.eu/info/funding-tenders/opportunities/portal/screen/opportunities/tender-details/00dc17fa-498c-467f-9077-8a0ee3933d90-CN","https://ec.europa.eu/info/funding-tenders/opportunities/portal/screen/opportunities/calls-for-tenders","0","0","0","2026-03-11T05:57:47.931Z"
"","EU Funding & Tenders Portal","","","","","","","","","","","","","3","https://ec.europa.eu/info/funding-tenders/opportunities/portal/screen/opportunities/tender-details/58868eac-b9ed-4f1b-adb3-835e65cb939c","https://ec.europa.eu/info/funding-tenders/opportunities/portal/screen/opportunities/calls-for-tenders","0","0","0","2026-03-11T05:57:47.931Z"
"","EU Funding & Tenders Portal","","","","","","","","","","","","","8","https://ec.europa.eu/info/funding-tenders/opportunities/portal/screen/opportunities/tender-details/f907334f-f502-4518-8284-73639b0524bd-CN","https://ec.europa.eu/info/funding-tenders/opportunities/portal/screen/opportunities/calls-for-tenders","0","0","0","2026-03-11T05:57:47.931Z"
"","EU Funding & Tenders Portal","","","","","","","","","","","","","3","https://ec.europa.eu/info/funding-tenders/opportunities/portal/screen/opportunities/tender-details/3bb40249-f247-4f83-b00b-3e2ad7d57ccb-PIN","https://ec.europa.eu/info/funding-tenders/opportunities/portal/screen/opportunities/calls-for-tenders","0","0","0","2026-03-11T05:57:47.931Z"
"","EU Funding & Tenders Portal","","","","","","","","","","","","","13","https://ec.europa.eu/info/funding-tenders/opportunities/portal/screen/opportunities/tender-details/96ec7fa7-5e2f-4332-a440-6ab1a31a24c7-CN","https://ec.europa.eu/info/funding-tenders/opportunities/portal/screen/opportunities/calls-for-tenders","0","0","0","2026-03-11T05:57:47.931Z"
"","EU Funding & Tenders Portal","","","","","","","","","","","","","10","https://ec.europa.eu/info/funding-tenders/opportunities/portal/screen/opportunities/tender-details/3a6c9286-8856-495e-8b6f-80d4e5b5bb7c-CN","https://ec.europa.eu/info/funding-tenders/opportunities/portal/screen/opportunities/calls-for-tenders","0","0","0","2026-03-11T05:57:47.931Z"
"","EU Funding & Tenders Portal","","","","","","","","","","","","","3","https://ec.europa.eu/info/funding-tenders/opportunities/portal/screen/opportunities/tender-details/4e6bcab1-17e6-43da-b4ff-1e1a4e37d0c0-PIN","https://ec.europa.eu/info/funding-tenders/opportunities/portal/screen/opportunities/calls-for-tenders","0","0","0","2026-03-11T05:57:47.931Z"
"","EU Funding & Tenders Portal","","","","","","","","","","","","","3","https://ec.europa.eu/info/funding-tenders/opportunities/portal/screen/opportunities/tender-details/efcaf33f-241c-452a-be4c-5eadf6c5ccc7-EXA","https://ec.europa.eu/info/funding-tenders/opportunities/portal/screen/opportunities/calls-for-tenders","0","0","0","2026-03-11T05:57:47.931Z"
"","EU Funding & Tenders Portal","","","","","","","","","","","","","3","https://ec.europa.eu/info/funding-tenders/opportunities/portal/screen/opportunities/tender-details/0210aca8-fe10-48a7-8529-7dcb5358ce6f-PIN","https://ec.europa.eu/info/funding-tenders/opportunities/portal/screen/opportunities/calls-for-tenders","0","0","0","2026-03-11T05:57:47.931Z"
"","EU Funding & Tenders Portal","","","","","","","","","","","","","3","https://ec.europa.eu/info/funding-tenders/opportunities/portal/screen/opportunities/tender-details/d12eebec-931a-42e7-80cf-35b388ec00b8-EXA","https://ec.europa.eu/info/funding-tenders/opportunities/portal/screen/opportunities/calls-for-tenders","0","0","0","2026-03-11T05:57:47.931Z"
"","EU Funding & Tenders Portal","","","","","","","","","","","","","21","https://ec.europa.eu/info/funding-tenders/opportunities/portal/screen/opportunities/tender-details/c1c57a61-b9a8-4fdc-9d34-b80e3dfcdd4d-CN","https://ec.europa.eu/info/funding-tenders/opportunities/portal/screen/opportunities/calls-for-tenders","0","0","0","2026-03-11T05:57:47.931Z"
"","EU Funding & Tenders Portal","","","","","","","","","","","","","3","https://ec.europa.eu/info/funding-tenders/opportunities/portal/screen/opportunities/tender-details/117980b2-c96a-48dc-af0f-9fcedb49d1b3-PIN","https://ec.europa.eu/info/funding-tenders/opportunities/portal/screen/opportunities/calls-for-tenders","0","0","0","2026-03-11T05:57:47.931Z"
"","EU Funding & Tenders Portal","","","","","","","","","","","","","4","https://ec.europa.eu/info/funding-tenders/opportunities/portal/screen/opportunities/tender-details/89b0764f-9a13-4974-b4a3-941da0ead46f-CN","https://ec.europa.eu/info/funding-tenders/opportunities/portal/screen/opportunities/calls-for-tenders","0","0","0","2026-03-11T05:57:47.931Z"
"","EU Funding & Tenders Portal","","","","","","","","","","","","","3","https://ec.europa.eu/info/funding-tenders/opportunities/portal/screen/opportunities/tender-details/366a0316-67cf-4859-90fc-09f296e6b974-PIN","https://ec.europa.eu/info/funding-tenders/opportunities/portal/screen/opportunities/calls-for-tenders","0","0","0","2026-03-11T05:57:47.931Z"
"","EU Funding & Tenders Portal","","","","","","","","","","","","","3","https://ec.europa.eu/info/funding-tenders/opportunities/portal/screen/opportunities/tender-details/b03828b1-fb97-4e5d-9016-dea74be8a01d-PIN","https://ec.europa.eu/info/funding-tenders/opportunities/portal/screen/opportunities/calls-for-tenders","0","0","0","2026-03-11T05:57:47.931Z"
"","EU Funding & Tenders Portal","","","","","","","","","","","","","8","https://ec.europa.eu/info/funding-tenders/opportunities/portal/screen/opportunities/tender-details/2ea03e91-7c17-4c56-804f-c34524b94c18-CN","https://ec.europa.eu/info/funding-tenders/opportunities/portal/screen/opportunities/calls-for-tenders","0","0","0","2026-03-11T05:57:47.931Z"
"","EU Funding & Tenders Portal","","","","","","","","","","","","","3","https://ec.europa.eu/info/funding-tenders/opportunities/portal/screen/opportunities/tender-details/d6ac3b88-141c-4ab2-be4c-313f89018e3f-EXA","https://ec.europa.eu/info/funding-tenders/opportunities/portal/screen/opportunities/calls-for-tenders","0","0","0","2026-03-11T05:57:47.931Z"
"","EU Funding & Tenders Portal","","","","","","","","","","","","","5","https://ec.europa.eu/info/funding-tenders/opportunities/portal/screen/opportunities/tender-details/3d32a7a9-ed47-4969-aff1-cb66fb3dc4dd-CN","https://ec.europa.eu/info/funding-tenders/opportunities/portal/screen/opportunities/calls-for-tenders","0","0","0","2026-03-11T05:57:47.931Z"
"","EU Funding & Tenders Portal","","","","","","","","","","","","","5","https://ec.europa.eu/info/funding-tenders/opportunities/portal/screen/opportunities/tender-details/4715b7e3-c8ee-44d3-93ec-52bdded8d486-CN","https://ec.europa.eu/info/funding-tenders/opportunities/portal/screen/opportunities/calls-for-tenders","0","0","0","2026-03-11T05:57:47.931Z"
"","EU Funding & Tenders Portal","","","","","","","","","","","","","3","https://ec.europa.eu/info/funding-tenders/opportunities/portal/screen/opportunities/tender-details/eea3f1bd-639e-4843-a8d7-da85d9da8c59-EXA","https://ec.europa.eu/info/funding-tenders/opportunities/portal/screen/opportunities/calls-for-tenders","0","0","0","2026-03-11T05:57:47.931Z"
"","EU Funding & Tenders Portal","","","","","","","","","","","","","13","https://ec.europa.eu/info/funding-tenders/opportunities/portal/screen/opportunities/tender-details/0fcc1023-7820-413b-9d88-b677b71311f2-CN","https://ec.europa.eu/info/funding-tenders/opportunities/portal/screen/opportunities/calls-for-tenders","0","0","0","2026-03-11T05:57:47.931Z"
"","EU Funding & Tenders Portal","","","","","","","","","","","","","3","https://ec.europa.eu/info/funding-tenders/opportunities/portal/screen/opportunities/tender-details/c426fe16-dfe1-439d-8127-a728dd447e5e-PIN","https://ec.europa.eu/info/funding-tenders/opportunities/portal/screen/opportunities/calls-for-tenders","0","0","0","2026-03-11T05:57:47.931Z"
"","EU Funding & Tenders Portal","","","","","","","","","","","","","7","https://ec.europa.eu/info/funding-tenders/opportunities/portal/screen/opportunities/tender-details/63e029af-d9c2-410a-b944-59674ac66869-CN","https://ec.europa.eu/info/funding-tenders/opportunities/portal/screen/opportunities/calls-for-tenders","0","0","0","2026-03-11T05:57:47.931Z"
"","EU Funding & Tenders Portal","","","","","","","","","","","","","5","https://ec.europa.eu/info/funding-tenders/opportunities/portal/screen/opportunities/tender-details/4c5a7363-956c-44b6-a89e-683b096312d0-CN","https://ec.europa.eu/info/funding-tenders/opportunities/portal/screen/opportunities/calls-for-tenders","0","0","0","2026-03-11T05:57:47.931Z"
"","EU Funding & Tenders Portal","","","","","","","","","","","","","3","https://ec.europa.eu/info/funding-tenders/opportunities/portal/screen/opportunities/tender-details/d1391eb7-db48-4dec-8c74-c36c339174cb-EXA","https://ec.europa.eu/info/funding-tenders/opportunities/portal/screen/opportunities/calls-for-tenders","0","0","0","2026-03-11T05:57:47.931Z"
"","EU Funding & Tenders Portal","","","","","","","","","","","","","13","https://ec.europa.eu/info/funding-tenders/opportunities/portal/screen/opportunities/tender-details/82139ba2-1bbb-4d34-9fbc-2a71e598ef2b-CN","https://ec.europa.eu/info/funding-tenders/opportunities/portal/screen/opportunities/calls-for-tenders","0","0","0","2026-03-11T05:57:47.931Z"
"","EU Funding & Tenders Portal","","","","","","","","","","","","","12","https://ec.europa.eu/info/funding-tenders/opportunities/portal/screen/opportunities/tender-details/cf0a77dc-8a06-49f9-8a3e-408ec98e2bf0-CN","https://ec.europa.eu/info/funding-tenders/opportunities/portal/screen/opportunities/calls-for-tenders","0","0","0","2026-03-11T05:57:47.931Z"
"","EU Funding & Tenders Portal","","","","","","","","","","","","","3","https://ec.europa.eu/info/funding-tenders/opportunities/portal/screen/opportunities/tender-details/e88becd7-3b91-41ea-87a7-3e27dd3bf706-PIN","https://ec.europa.eu/info/funding-tenders/opportunities/portal/screen/opportunities/calls-for-tenders","0","0","0","2026-03-11T05:57:47.931Z"
"","EU Funding & Tenders Portal","","","","","","","","","","","","","3","https://ec.europa.eu/info/funding-tenders/opportunities/portal/screen/opportunities/tender-details/8ef27b03-1e2d-4eb4-9614-f4c29e70872a-EXA","https://ec.europa.eu/info/funding-tenders/opportunities/portal/screen/opportunities/calls-for-tenders","0","0","0","2026-03-11T05:57:47.931Z"
"","EU Funding & Tenders Portal","","","","","","","","","","","","","16","https://ec.europa.eu/info/funding-tenders/opportunities/portal/screen/opportunities/tender-details/2fa9cf87-fb32-4f36-8221-38f88e258a0e-CN","https://ec.europa.eu/info/funding-tenders/opportunities/portal/screen/opportunities/calls-for-tenders","0","0","0","2026-03-11T05:57:47.931Z"
"","EU Funding & Tenders Portal","","","","","","","","","","","","","3","https://ec.europa.eu/info/funding-tenders/opportunities/portal/screen/opportunities/tender-details/5cc5a5bc-05ec-42cc-bc25-c46f22e111f1-PIN","https://ec.europa.eu/info/funding-tenders/opportunities/portal/screen/opportunities/calls-for-tenders","0","0","0","2026-03-11T05:57:47.931Z"
"","EU Funding & Tenders Portal","","","","","","","","","","","","","4","https://ec.europa.eu/info/funding-tenders/opportunities/portal/screen/opportunities/tender-details/2ef77516-701a-4c66-a98f-e4f4a3e4ee7e-CN","https://ec.europa.eu/info/funding-tenders/opportunities/portal/screen/opportunities/calls-for-tenders","0","0","0","2026-03-11T05:57:47.931Z"
"","EU Funding & Tenders Portal","","","","","","","","","","","","","26","https://ec.europa.eu/info/funding-tenders/opportunities/portal/screen/opportunities/tender-details/f9dead6a-b593-488b-8f7c-cd038fc20a1e-CN","https://ec.europa.eu/info/funding-tenders/opportunities/portal/screen/opportunities/calls-for-tenders","0","0","0","2026-03-11T05:57:47.931Z"
"","EU Funding & Tenders Portal","","","","","","","","","","","","","4","https://ec.europa.eu/info/funding-tenders/opportunities/portal/screen/opportunities/tender-details/b6f3b017-e304-4884-b303-66f0689372ab-CN","https://ec.europa.eu/info/funding-tenders/opportunities/portal/screen/opportunities/calls-for-tenders","0","0","0","2026-03-11T05:57:47.931Z"
"","EU Funding & Tenders Portal","","","","","","","","","","","","","3","https://ec.europa.eu/info/funding-tenders/opportunities/portal/screen/opportunities/tender-details/7bb36231-de6a-45cc-829e-7f69cf8b6c71-EXA","https://ec.europa.eu/info/funding-tenders/opportunities/portal/screen/opportunities/calls-for-tenders","0","0","0","2026-03-11T05:57:47.931Z"
"","EU Funding & Tenders Portal","","","","","","","","","","","","","8","https://ec.europa.eu/info/funding-tenders/opportunities/portal/screen/opportunities/tender-details/7756e7fa-10fb-4d39-bf06-23abb01dc91f-CN","https://ec.europa.eu/info/funding-tenders/opportunities/portal/screen/opportunities/calls-for-tenders","0","0","0","2026-03-11T05:57:47.931Z"
"","EU Funding & Tenders Portal","","","","","","","","","","","","","3","https://ec.europa.eu/info/funding-tenders/opportunities/portal/screen/opportunities/tender-details/efcae138-58b4-45db-9072-849c79d1aee4-PIN","https://ec.europa.eu/info/funding-tenders/opportunities/portal/screen/opportunities/calls-for-tenders","0","0","0","2026-03-11T05:57:47.931Z"
"","EU Funding & Tenders Portal","","","","","","","","","","","","","3","https://ec.europa.eu/info/funding-tenders/opportunities/portal/screen/opportunities/tender-details/89c68df4-41a0-4c6f-81af-4b392e18c3d0-PIN","https://ec.europa.eu/info/funding-tenders/opportunities/portal/screen/opportunities/calls-for-tenders","0","0","0","2026-03-11T05:57:47.931Z"
"","EU Funding & Tenders Portal","","","","","","","","","","","","","3","https://ec.europa.eu/info/funding-tenders/opportunities/portal/screen/opportunities/tender-details/5e075ce6-d1bf-466b-a966-46052bd47497-PIN","https://ec.europa.eu/info/funding-tenders/opportunities/portal/screen/opportunities/calls-for-tenders","0","0","0","2026-03-11T05:57:47.931Z"
"","EU Funding & Tenders Portal","","","","","","","","","","","","","3","https://ec.europa.eu/info/funding-tenders/opportunities/portal/screen/opportunities/tender-details/0603fd31-9e63-492d-a45d-f7ca59836f59-PIN","https://ec.europa.eu/info/funding-tenders/opportunities/portal/screen/opportunities/calls-for-tenders","0","0","0","2026-03-11T05:57:47.931Z"
"","EU Funding & Tenders Portal","","","","","","","","","","","","","3","https://ec.europa.eu/info/funding-tenders/opportunities/portal/screen/opportunities/tender-details/5bd90bf2-a957-44de-85ef-aea81aa813c4-EXA","https://ec.europa.eu/info/funding-tenders/opportunities/portal/screen/opportunities/calls-for-tenders","0","0","0","2026-03-11T05:57:47.931Z"
"","EU Funding & Tenders Portal","","","","","","","","","","","","","3","https://ec.europa.eu/info/funding-tenders/opportunities/portal/screen/opportunities/tender-details/072241b1-1530-4d6a-8bfe-3cdd11a06328-EXA","https://ec.europa.eu/info/funding-tenders/opportunities/portal/screen/opportunities/calls-for-tenders","0","0","0","2026-03-11T05:57:47.931Z"
"","EU Funding & Tenders Portal","","","","","","","","","","","","","3","https://ec.europa.eu/info/funding-tenders/opportunities/portal/screen/opportunities/tender-details/1ce80432-2b1d-45b3-8768-8408c66857cd-PIN","https://ec.europa.eu/info/funding-tenders/opportunities/portal/screen/opportunities/calls-for-tenders","0","0","0","2026-03-11T05:57:47.931Z"
"","EU Funding & Tenders Portal","","","","","","","","","","","","","3","https://ec.europa.eu/info/funding-tenders/opportunities/portal/screen/opportunities/tender-details/7a10c8ed-ffeb-484a-a1eb-b65c0d2ac016-PIN","https://ec.europa.eu/info/funding-tenders/opportunities/portal/screen/opportunities/calls-for-tenders","0","0","0","2026-03-11T05:57:47.931Z"
"","EU Funding & Tenders Portal","","","","","","","","","","","","","21","https://ec.europa.eu/info/funding-tenders/opportunities/portal/screen/opportunities/tender-details/25e0ab91-b88a-4042-bb88-19149aa1b90b-CN","https://ec.europa.eu/info/funding-tenders/opportunities/portal/screen/opportunities/calls-for-tenders","0","0","0","2026-03-11T05:57:47.931Z"
"","EU Funding & Tenders Portal","","","","","","","","","","","","","3","https://ec.europa.eu/info/funding-tenders/opportunities/portal/screen/opportunities/tender-details/4c6b60b2-2ab0-46d4-b3a2-b1bbd17e43e0-EXA","https://ec.europa.eu/info/funding-tenders/opportunities/portal/screen/opportunities/calls-for-tenders","0","0","0","2026-03-11T05:57:47.931Z"
"","EU Funding & Tenders Portal","","","","","","","","","","","","","3","https://ec.europa.eu/info/funding-tenders/opportunities/portal/screen/opportunities/tender-details/5261bc2f-eb74-49e7-9ab6-51ca4f2bb138-EXA","https://ec.europa.eu/info/funding-tenders/opportunities/portal/screen/opportunities/calls-for-tenders","0","0","0","2026-03-11T05:57:47.931Z"
"","EU Funding & Tenders Portal","","","","","","","","","","","","","3","https://ec.europa.eu/info/funding-tenders/opportunities/portal/screen/opportunities/tender-details/ad9592fa-57f4-46f4-9d03-ad851deb7cba-PIN","https://ec.europa.eu/info/funding-tenders/opportunities/portal/screen/opportunities/calls-for-tenders","0","0","0","2026-03-11T05:57:47.931Z"
"","EU Funding & Tenders Portal","","","","","","","","","","","","","3","https://ec.europa.eu/info/funding-tenders/opportunities/portal/screen/opportunities/tender-details/6e225ec4-a89a-4a15-a4ae-57a45121e8d6-PIN","https://ec.europa.eu/info/funding-tenders/opportunities/portal/screen/opportunities/calls-for-tenders","0","0","0","2026-03-11T05:57:47.931Z"
"","EU Funding & Tenders Portal","","","","","","","","","","","","","11","https://ec.europa.eu/info/funding-tenders/opportunities/portal/screen/opportunities/tender-details/2de7296b-54a4-48aa-80d2-5c0ee626317c-CN","https://ec.europa.eu/info/funding-tenders/opportunities/portal/screen/opportunities/calls-for-tenders","0","0","0","2026-03-11T05:57:47.931Z"
"","EU Funding & Tenders Portal","","","","","","","","","","","","","4","https://ec.europa.eu/info/funding-tenders/opportunities/portal/screen/opportunities/tender-details/9d29aba7-0146-495d-ab31-539e1c33d6a6-CN","https://ec.europa.eu/info/funding-tenders/opportunities/portal/screen/opportunities/calls-for-tenders","0","0","0","2026-03-11T05:57:47.931Z"
"","EU Funding & Tenders Portal","","","","","","","","","","","","","3","https://ec.europa.eu/info/funding-tenders/opportunities/portal/screen/opportunities/tender-details/8e24d778-7159-4a8e-9bc1-56bdb7775eab-PIN","https://ec.europa.eu/info/funding-tenders/opportunities/portal/screen/opportunities/calls-for-tenders","0","0","0","2026-03-11T05:57:47.931Z"
"","EU Funding & Tenders Portal","","","","","","","","","","","","","3","https://ec.europa.eu/info/funding-tenders/opportunities/portal/screen/opportunities/tender-details/9d4a1cf1-d7c9-40c5-a514-28368838a0c2-EXA","https://ec.europa.eu/info/funding-tenders/opportunities/portal/screen/opportunities/calls-for-tenders","0","0","0","2026-03-11T05:57:47.931Z"
"","EU Funding & Tenders Portal","","","","","","","","","","","","","5","https://ec.europa.eu/info/funding-tenders/opportunities/portal/screen/opportunities/tender-details/bc19bb31-8df6-4d01-8d35-1af363f5008d-CN","https://ec.europa.eu/info/funding-tenders/opportunities/portal/screen/opportunities/calls-for-tenders","0","0","0","2026-03-11T05:57:47.931Z"
"","EU Funding & Tenders Portal","","","","","","","","","","","","","30","https://ec.europa.eu/info/funding-tenders/opportunities/portal/screen/opportunities/tender-details/834a08b0-4a66-43b4-84a4-f3205e165cce-CN","https://ec.europa.eu/info/funding-tenders/opportunities/portal/screen/opportunities/calls-for-tenders","0","0","0","2026-03-11T05:57:47.931Z"
"","EU Funding & Tenders Portal","","","","","","","","","","","","","4","https://ec.europa.eu/info/funding-tenders/opportunities/portal/screen/opportunities/tender-details/a681fe18-4b5c-463f-81d3-5d38eda673ed-CN","https://ec.europa.eu/info/funding-tenders/opportunities/portal/screen/opportunities/calls-for-tenders","0","0","0","2026-03-11T05:57:47.931Z"
"","EU Funding & Tenders Portal","","","","","","","","","","","","","3","https://ec.europa.eu/info/funding-tenders/opportunities/portal/screen/opportunities/tender-details/744b4634-74d3-4f41-ab19-41f8705a3cd8-EXA","https://ec.europa.eu/info/funding-tenders/opportunities/portal/screen/opportunities/calls-for-tenders","0","0","0","2026-03-11T05:57:47.931Z"
"","EU Funding & Tenders Portal","","","","","","","","","","","","","3","https://ec.europa.eu/info/funding-tenders/opportunities/portal/screen/opportunities/tender-details/830fb388-24e4-4197-b8b6-cc211462770d-EXA","https://ec.europa.eu/info/funding-tenders/opportunities/portal/screen/opportunities/calls-for-tenders","0","0","0","2026-03-11T05:57:47.931Z"
"","EU Funding & Tenders Portal","","","","","","","","","","","","","24","https://ec.europa.eu/info/funding-tenders/opportunities/portal/screen/opportunities/tender-details/b74a2278-5248-42c0-93db-74fc0127ab93-CN","https://ec.europa.eu/info/funding-tenders/opportunities/portal/screen/opportunities/calls-for-tenders","0","0","0","2026-03-11T05:57:47.931Z"
"","EU Funding & Tenders Portal","","","","","","","","","","","","","5","https://ec.europa.eu/info/funding-tenders/opportunities/portal/screen/opportunities/tender-details/89ee770e-c530-4ddc-bb2e-17afde2ed5e3-CN","https://ec.europa.eu/info/funding-tenders/opportunities/portal/screen/opportunities/calls-for-tenders","0","0","0","2026-03-11T05:57:47.931Z"
"","EU Funding & Tenders Portal","","","","","","","","","","","","","3","https://ec.europa.eu/info/funding-tenders/opportunities/portal/screen/opportunities/tender-details/037d2ec1-421a-43bb-9658-bc8a87a240cc-PIN","https://ec.europa.eu/info/funding-tenders/opportunities/portal/screen/opportunities/calls-for-tenders","0","0","0","2026-03-11T05:57:47.931Z"
"","EU Funding & Tenders Portal","","","","","","","","","","","","","3","https://ec.europa.eu/info/funding-tenders/opportunities/portal/screen/opportunities/tender-details/b1aac6a4-74b1-4157-9643-cd964c189f96-EXA","https://ec.europa.eu/info/funding-tenders/opportunities/portal/screen/opportunities/calls-for-tenders","0","0","0","2026-03-11T05:57:47.931Z"
"","EU Funding & Tenders Portal","","","","","","","","","","","","","8","https://ec.europa.eu/info/funding-tenders/opportunities/portal/screen/opportunities/tender-details/38c0b45d-2812-415b-a8da-8068327596a8-CN","https://ec.europa.eu/info/funding-tenders/opportunities/portal/screen/opportunities/calls-for-tenders","0","0","0","2026-03-11T05:57:47.931Z"
"","EU Funding & Tenders Portal","","","","","","","","","","","","","4","https://ec.europa.eu/info/funding-tenders/opportunities/portal/screen/opportunities/tender-details/991a4284-2b6c-471b-b2bd-d5d327ca624c-EXA","https://ec.europa.eu/info/funding-tenders/opportunities/portal/screen/opportunities/calls-for-tenders","0","0","0","2026-03-11T05:57:47.931Z"
"","EU Funding & Tenders Portal","","","","","","","","","","","","","15","https://ec.europa.eu/info/funding-tenders/opportunities/portal/screen/opportunities/tender-details/0a3f4b54-ab32-491b-a136-5c53821b1e32-CN","https://ec.europa.eu/info/funding-tenders/opportunities/portal/screen/opportunities/calls-for-tenders","0","0","0","2026-03-11T05:57:47.931Z"
"","EU Funding & Tenders Portal","","","","","","","","","","","","","12","https://ec.europa.eu/info/funding-tenders/opportunities/portal/screen/opportunities/tender-details/260fa083-ffe2-47d5-b12d-6afaf32ad21c-CN","https://ec.europa.eu/info/funding-tenders/opportunities/portal/screen/opportunities/calls-for-tenders","0","0","0","2026-03-11T05:57:47.931Z"
"","EU Funding & Tenders Portal","","","","","","","","","","","","","4","https://ec.europa.eu/info/funding-tenders/opportunities/portal/screen/opportunities/tender-details/5acd2f3c-f88c-4f01-8da4-b9838e388826-CN","https://ec.europa.eu/info/funding-tenders/opportunities/portal/screen/opportunities/calls-for-tenders","0","0","0","2026-03-11T05:57:47.931Z"
"","EU Funding & Tenders Portal","","","","","","","","","","","","","3","https://ec.europa.eu/info/funding-tenders/opportunities/portal/screen/opportunities/tender-details/25f96d81-0bd7-4d96-a3b0-b3ca7e83e71e-PIN","https://ec.europa.eu/info/funding-tenders/opportunities/portal/screen/opportunities/calls-for-tenders","0","0","0","2026-03-11T05:57:47.931Z"
"","EU Funding & Tenders Portal","","","","","","","","","","","","","5","https://ec.europa.eu/info/funding-tenders/opportunities/portal/screen/opportunities/tender-details/4027d5ce-7330-42ca-a3e3-28d5284c8497-CN","https://ec.europa.eu/info/funding-tenders/opportunities/portal/screen/opportunities/calls-for-tenders","0","0","0","2026-03-11T05:57:47.931Z"
"","EU Funding & Tenders Portal","","","","","","","","","","","","","3","https://ec.europa.eu/info/funding-tenders/opportunities/portal/screen/opportunities/tender-details/0da0c0f4-3b65-449d-9622-d6e14c712a0a-EXA","https://ec.europa.eu/info/funding-tenders/opportunities/portal/screen/opportunities/calls-for-tenders","0","0","0","2026-03-11T05:57:47.931Z"
"","EU Funding & Tenders Portal","","","","","","","","","","","","","3","https://ec.europa.eu/info/funding-tenders/opportunities/portal/screen/opportunities/tender-details/7422f3f1-6075-4f51-88bf-4f6c09c7520d-PIN","https://ec.europa.eu/info/funding-tenders/opportunities/portal/screen/opportunities/calls-for-tenders","0","0","0","2026-03-11T05:57:47.931Z"
"","EU Funding & Tenders Portal","","","","","","","","","","","","","3","https://ec.europa.eu/info/funding-tenders/opportunities/portal/screen/opportunities/tender-details/65cce5be-5b4e-44b1-96b2-53fe1d6d9123-EXA","https://ec.europa.eu/info/funding-tenders/opportunities/portal/screen/opportunities/calls-for-tenders","0","0","0","2026-03-11T05:57:47.931Z"
"","EU Funding & Tenders Portal","","","","","","","","","","","","","3","https://ec.europa.eu/info/funding-tenders/opportunities/portal/screen/opportunities/tender-details/95bd0f9c-1250-453e-86bf-54d833ef4a51-EXA","https://ec.europa.eu/info/funding-tenders/opportunities/portal/screen/opportunities/calls-for-tenders","0","0","0","2026-03-11T05:57:47.931Z"
"","EU Funding & Tenders Portal","","","","","","","","","","","","","4","https://ec.europa.eu/info/funding-tenders/opportunities/portal/screen/opportunities/tender-details/ee282e31-5eb9-4c50-829b-a33f93f517a2-CN","https://ec.europa.eu/info/funding-tenders/opportunities/portal/screen/opportunities/calls-for-tenders","0","0","0","2026-03-11T05:57:47.931Z"
"","EU Funding & Tenders Portal","","","","","","","","","","","","","33","https://ec.europa.eu/info/funding-tenders/opportunities/portal/screen/opportunities/tender-details/f0f54f70-0b69-4975-92ef-e66bc8a20009-CN","https://ec.europa.eu/info/funding-tenders/opportunities/portal/screen/opportunities/calls-for-tenders","0","0","0","2026-03-11T05:57:47.931Z"
"","EU Funding & Tenders Portal","","","","","","","","","","","","","18","https://ec.europa.eu/info/funding-tenders/opportunities/portal/screen/opportunities/tender-details/14bb5c8a-dfaa-4ca6-b149-98b9ae2a0819-CN","https://ec.europa.eu/info/funding-tenders/opportunities/portal/screen/opportunities/calls-for-tenders","0","0","0","2026-03-11T05:57:47.931Z"
"","EU Funding & Tenders Portal","","","","","","","","","","","","","13","https://ec.europa.eu/info/funding-tenders/opportunities/portal/screen/opportunities/tender-details/bff49549-cec0-4d2c-82e0-454d5cc45e69-CN","https://ec.europa.eu/info/funding-tenders/opportunities/portal/screen/opportunities/calls-for-tenders","0","0","0","2026-03-11T05:57:47.931Z"
"","EU Funding & Tenders Portal","","","","","","","","","","","","","3","https://ec.europa.eu/info/funding-tenders/opportunities/portal/screen/opportunities/tender-details/39c64f8c-f02e-4a57-9b53-2d01794cb7ed-PIN","https://ec.europa.eu/info/funding-tenders/opportunities/portal/screen/opportunities/calls-for-tenders","0","0","0","2026-03-11T05:57:47.931Z"
"","EU Funding & Tenders Portal","","","","","","","","","","","","","3","https://ec.europa.eu/info/funding-tenders/opportunities/portal/screen/opportunities/tender-details/4bdf9e8e-884e-4a5a-ac75-db17bcc84f0b-PIN","https://ec.europa.eu/info/funding-tenders/opportunities/portal/screen/opportunities/calls-for-tenders","0","0","0","2026-03-11T05:57:47.931Z"
"","EU Funding & Tenders Portal","","","","","","","","","","","","","4","https://ec.europa.eu/info/funding-tenders/opportunities/portal/screen/opportunities/tender-details/889ffb5f-8310-412f-9998-9e2f3d18f843-CN","https://ec.europa.eu/info/funding-tenders/opportunities/portal/screen/opportunities/calls-for-tenders","0","0","0","2026-03-11T05:57:47.931Z"
"","EU Funding & Tenders Portal","","","","","","","","","","","","","17","https://ec.europa.eu/info/funding-tenders/opportunities/portal/screen/opportunities/tender-details/880a9d40-bff2-4ac4-b0cf-9356e7db5e91-CN","https://ec.europa.eu/info/funding-tenders/opportunities/portal/screen/opportunities/calls-for-tenders","0","0","0","2026-03-11T05:57:47.931Z"
"","EU Funding & Tenders Portal","","","","","","","","","","","","","3","https://ec.europa.eu/info/funding-tenders/opportunities/portal/screen/opportunities/tender-details/18ca1cc9-e91a-42e4-9756-9818e11f7bff-EXA","https://ec.europa.eu/info/funding-tenders/opportunities/portal/screen/opportunities/calls-for-tenders","0","0","0","2026-03-11T05:57:47.931Z"
"","EU Funding & Tenders Portal","","","","","","","","","","","","","17","https://ec.europa.eu/info/funding-tenders/opportunities/portal/screen/opportunities/tender-details/38f5eebb-6091-4343-8d15-0f08cbf709f0-CN","https://ec.europa.eu/info/funding-tenders/opportunities/portal/screen/opportunities/calls-for-tenders","0","0","0","2026-03-11T05:57:47.931Z"
"","EU Funding & Tenders Portal","","","","","","","","","","","","","4","https://ec.europa.eu/info/funding-tenders/opportunities/portal/screen/opportunities/tender-details/4d992115-8f4e-44c8-938a-400df343bf10-CN","https://ec.europa.eu/info/funding-tenders/opportunities/portal/screen/opportunities/calls-for-tenders","0","0","0","2026-03-11T05:57:47.931Z"
"","EU Funding & Tenders Portal","","","","","","","","","","","","","4","https://ec.europa.eu/info/funding-tenders/opportunities/portal/screen/opportunities/tender-details/f5f15b3e-83e3-48f8-b388-fa695202d0bb-PIN","https://ec.europa.eu/info/funding-tenders/opportunities/portal/screen/opportunities/calls-for-tenders","0","0","0","2026-03-11T05:57:47.931Z"
"","EU Funding & Tenders Portal","","","","","","","","","","","","","3","https://ec.europa.eu/info/funding-tenders/opportunities/portal/screen/opportunities/tender-details/137ff90d-53d5-4516-87a3-de50a36b0fea-PIN","https://ec.europa.eu/info/funding-tenders/opportunities/portal/screen/opportunities/calls-for-tenders","0","0","0","2026-03-11T05:57:47.931Z"
"","EU Funding & Tenders Portal","","","","","","","","","","","","","4","https://ec.europa.eu/info/funding-tenders/opportunities/portal/screen/opportunities/tender-details/203623af-8c97-40bb-bccf-7ea8723abe3a-CN","https://ec.europa.eu/info/funding-tenders/opportunities/portal/screen/opportunities/calls-for-tenders","0","0","0","2026-03-11T05:57:47.931Z"
"","EU Funding & Tenders Portal","","","","","","","","","","","","","3","https://ec.europa.eu/info/funding-tenders/opportunities/portal/screen/opportunities/tender-details/06c8811f-292a-446b-b082-da33a8f704d8-EXA","https://ec.europa.eu/info/funding-tenders/opportunities/portal/screen/opportunities/calls-for-tenders","0","0","0","2026-03-11T05:57:47.931Z"
"","EU Funding & Tenders Portal","","","","","","","","","","","","","3","https://ec.europa.eu/info/funding-tenders/opportunities/portal/screen/opportunities/tender-details/78bc31ed-c577-4d42-9e65-c7cb4a7c6b76-EXA","https://ec.europa.eu/info/funding-tenders/opportunities/portal/screen/opportunities/calls-for-tenders","0","0","0","2026-03-11T05:57:47.931Z"
"","EU Funding & Tenders Portal","","","","","","","","","","","","","4","https://ec.europa.eu/info/funding-tenders/opportunities/portal/screen/opportunities/tender-details/1f5752ef-4167-46a5-a387-d8f91f917d9f-CN","https://ec.europa.eu/info/funding-tenders/opportunities/portal/screen/opportunities/calls-for-tenders","0","0","0","2026-03-11T05:57:47.931Z"
"","EU Funding & Tenders Portal","","","","","","","","","","","","","3","https://ec.europa.eu/info/funding-tenders/opportunities/portal/screen/opportunities/tender-details/4153cf0c-2402-4d9a-b883-6451c4054f9f-EXA","https://ec.europa.eu/info/funding-tenders/opportunities/portal/screen/opportunities/calls-for-tenders","0","0","0","2026-03-11T05:57:47.931Z"
"","EU Funding & Tenders Portal","","","","","","","","","","","","","4","https://ec.europa.eu/info/funding-tenders/opportunities/portal/screen/opportunities/tender-details/23832984-88a1-49d6-b791-2b9847b67424-CN","https://ec.europa.eu/info/funding-tenders/opportunities/portal/screen/opportunities/calls-for-tenders","0","0","0","2026-03-11T05:57:47.931Z"
"","EU Funding & Tenders Portal","","","","","","","","","","","","","5","https://ec.europa.eu/info/funding-tenders/opportunities/portal/screen/opportunities/tender-details/e547e494-6e50-4a89-b41a-ec6b7d93c4d3-CN","https://ec.europa.eu/info/funding-tenders/opportunities/portal/screen/opportunities/calls-for-tenders","0","0","0","2026-03-11T05:57:47.931Z"
"","EU Funding & Tenders Portal","","","","","","","","","","","","","10","https://ec.europa.eu/info/funding-tenders/opportunities/portal/screen/opportunities/tender-details/8e608a88-3208-42d3-837b-0602c2b5f6fa-CN","https://ec.europa.eu/info/funding-tenders/opportunities/portal/screen/opportunities/calls-for-tenders","0","0","0","2026-03-11T05:57:47.931Z"
"","EU Funding & Tenders Portal","","","","","","","","","","","","","3","https://ec.europa.eu/info/funding-tenders/opportunities/portal/screen/opportunities/tender-details/4b101894-45d7-432b-83b6-9db297402c8a-PIN","https://ec.europa.eu/info/funding-tenders/opportunities/portal/screen/opportunities/calls-for-tenders","0","0","0","2026-03-11T05:57:47.931Z"
"","EU Funding & Tenders Portal","","","","","","","","","","","","","3","https://ec.europa.eu/info/funding-tenders/opportunities/portal/screen/opportunities/tender-details/6f282771-171d-43d9-bc55-f5d1ad59d4fa-PIN","https://ec.europa.eu/info/funding-tenders/opportunities/portal/screen/opportunities/calls-for-tenders","0","0","0","2026-03-11T05:57:47.931Z"
"","EU Funding & Tenders Portal","","","","","","","","","","","","","3","https://ec.europa.eu/info/funding-tenders/opportunities/portal/screen/opportunities/tender-details/1c5cc4e4-a3d3-44d2-86e4-2f2c459a895a-EXA","https://ec.europa.eu/info/funding-tenders/opportunities/portal/screen/opportunities/calls-for-tenders","0","0","0","2026-03-11T05:57:47.931Z"
"","EU Funding & Tenders Portal","","","","","","","","","","","","","8","https://ec.europa.eu/info/funding-tenders/opportunities/portal/screen/opportunities/tender-details/5a4df080-a7d4-4599-a7fa-b25f798d05c1-CN","https://ec.europa.eu/info/funding-tenders/opportunities/portal/screen/opportunities/calls-for-tenders","0","0","0","2026-03-11T05:57:47.931Z"
"","EU Funding & Tenders Portal","","","","","","","","","","","","","3","https://ec.europa.eu/info/funding-tenders/opportunities/portal/screen/opportunities/tender-details/42a052bf-880d-4b51-90c5-b8865205e1f7-PIN","https://ec.europa.eu/info/funding-tenders/opportunities/portal/screen/opportunities/calls-for-tenders","0","0","0","2026-03-11T05:57:47.931Z"
"","EU Funding & Tenders Portal","","","","","","","","","","","","","4","https://ec.europa.eu/info/funding-tenders/opportunities/portal/screen/opportunities/tender-details/b3181620-5566-4176-9c96-62fe10ba053e-PIN","https://ec.europa.eu/info/funding-tenders/opportunities/portal/screen/opportunities/calls-for-tenders","0","0","0","2026-03-11T05:57:47.931Z"
"","EU Funding & Tenders Portal","","","","","","","","","","","","","22","https://ec.europa.eu/info/funding-tenders/opportunities/portal/screen/opportunities/tender-details/3ad7b6cb-9793-4686-bd78-da40244409ce-CN","https://ec.europa.eu/info/funding-tenders/opportunities/portal/screen/opportunities/calls-for-tenders","0","0","0","2026-03-11T05:57:47.931Z"
"","EU Funding & Tenders Portal","","","","","","","","","","","","","3","https://ec.europa.eu/info/funding-tenders/opportunities/portal/screen/opportunities/tender-details/cfd391fa-2600-4715-8b22-52b22a793b94-EXA","https://ec.europa.eu/info/funding-tenders/opportunities/portal/screen/opportunities/calls-for-tenders","0","0","0","2026-03-11T05:57:47.931Z"
"","EU Funding & Tenders Portal","","","","","","","","","","","","","4","https://ec.europa.eu/info/funding-tenders/opportunities/portal/screen/opportunities/tender-details/7fca600f-a766-48f0-802a-005e7561aeb8-CN","https://ec.europa.eu/info/funding-tenders/opportunities/portal/screen/opportunities/calls-for-tenders","0","0","0","2026-03-11T05:57:47.931Z"
"","EU Funding & Tenders Portal","","","","","","","","","","","","","13","https://ec.europa.eu/info/funding-tenders/opportunities/portal/screen/opportunities/tender-details/b97ef3e4-9c44-45c7-b30a-4a107ad90dae-CN","https://ec.europa.eu/info/funding-tenders/opportunities/portal/screen/opportunities/calls-for-tenders","0","0","0","2026-03-11T05:57:47.931Z"
"","EU Funding & Tenders Portal","","","","","","","","","","","","","5","https://ec.europa.eu/info/funding-tenders/opportunities/portal/screen/opportunities/tender-details/d7291338-7127-452c-82cc-bc7c275d3b5c-CN","https://ec.europa.eu/info/funding-tenders/opportunities/portal/screen/opportunities/calls-for-tenders","0","0","0","2026-03-11T05:57:47.931Z"
"","EU Funding & Tenders Portal","","","","","","","","","","","","","3","https://ec.europa.eu/info/funding-tenders/opportunities/portal/screen/opportunities/tender-details/de3b0e62-7a94-4a07-9fc2-fc095fbd20c0-EXA","https://ec.europa.eu/info/funding-tenders/opportunities/portal/screen/opportunities/calls-for-tenders","0","0","0","2026-03-11T05:57:47.931Z"
"","EU Funding & Tenders Portal","","","","","","","","","","","","","3","https://ec.europa.eu/info/funding-tenders/opportunities/portal/screen/opportunities/tender-details/d98f2865-859d-4e74-bcd5-cc2fe3dd88f1-EXA","https://ec.europa.eu/info/funding-tenders/opportunities/portal/screen/opportunities/calls-for-tenders","0","0","0","2026-03-11T05:57:47.931Z"
"","EU Funding & Tenders Portal","","","","","","","","","","","","","3","https://ec.europa.eu/info/funding-tenders/opportunities/portal/screen/opportunities/tender-details/36e2317f-8ac4-44a8-b4ce-78929658f007-PIN","https://ec.europa.eu/info/funding-tenders/opportunities/portal/screen/opportunities/calls-for-tenders","0","0","0","2026-03-11T05:57:47.931Z"
"","EU Funding & Tenders Portal","","","","","","","","","","","","","3","https://ec.europa.eu/info/funding-tenders/opportunities/portal/screen/opportunities/tender-details/3891d304-edea-4d7f-9602-c27456a71d2c-PIN","https://ec.europa.eu/info/funding-tenders/opportunities/portal/screen/opportunities/calls-for-tenders","0","0","0","2026-03-11T05:57:47.931Z"
"","EU Funding & Tenders Portal","","","","","","","","","","","","","3","https://ec.europa.eu/info/funding-tenders/opportunities/portal/screen/opportunities/tender-details/2be6b96d-53b5-4eb1-9b8b-6ed87992bbbf-EXA","https://ec.europa.eu/info/funding-tenders/opportunities/portal/screen/opportunities/calls-for-tenders","0","0","0","2026-03-11T05:57:47.931Z"
"","EU Funding & Tenders Portal","","","","","","","","","","","","","14","https://ec.europa.eu/info/funding-tenders/opportunities/portal/screen/opportunities/tender-details/c39c6ab5-7f78-4b26-984e-4daa74d58635-CN","https://ec.europa.eu/info/funding-tenders/opportunities/portal/screen/opportunities/calls-for-tenders","0","0","0","2026-03-11T05:57:47.931Z"
"","EU Funding & Tenders Portal","","","","","","","","","","","","","3","https://ec.europa.eu/info/funding-tenders/opportunities/portal/screen/opportunities/tender-details/94c27b35-5034-49aa-87fe-5c08051a70de-EXA","https://ec.europa.eu/info/funding-tenders/opportunities/portal/screen/opportunities/calls-for-tenders","0","0","0","2026-03-11T05:57:47.931Z"
"","EU Funding & Tenders Portal","","","","","","","","","","","","","3","https://ec.europa.eu/info/funding-tenders/opportunities/portal/screen/opportunities/tender-details/a54978f4-8169-4e6d-96c7-5626ba597b4a-EXA","https://ec.europa.eu/info/funding-tenders/opportunities/portal/screen/opportunities/calls-for-tenders","0","0","0","2026-03-11T05:57:47.931Z"
"","EU Funding & Tenders Portal","","","","","","","","","","","","","9","https://ec.europa.eu/info/funding-tenders/opportunities/portal/screen/opportunities/tender-details/bb8468e7-9d34-4482-9d29-76b7aad15ee6-CN","https://ec.europa.eu/info/funding-tenders/opportunities/portal/screen/opportunities/calls-for-tenders","0","0","0","2026-03-11T05:57:47.931Z"
"","EU Funding & Tenders Portal","","","","","","","","","","","","","4","https://ec.europa.eu/info/funding-tenders/opportunities/portal/screen/opportunities/tender-details/71c5b5fd-c0b2-4a54-97fe-8959f85ff258-CN","https://ec.europa.eu/info/funding-tenders/opportunities/portal/screen/opportunities/calls-for-tenders","0","0","0","2026-03-11T05:57:47.931Z"
"","EU Funding & Tenders Portal","","","","","","","","","","","","","7","https://ec.europa.eu/info/funding-tenders/opportunities/portal/screen/opportunities/tender-details/8ef6da90-37ef-4a53-ab94-15c8ff926a69-CN","https://ec.europa.eu/info/funding-tenders/opportunities/portal/screen/opportunities/calls-for-tenders","0","0","0","2026-03-11T05:57:47.931Z"
"","EU Funding & Tenders Portal","","","","","","","","","","","","","3","https://ec.europa.eu/info/funding-tenders/opportunities/portal/screen/opportunities/tender-details/17a233ba-d48f-4c7d-bedd-472a076fd4c6-PIN","https://ec.europa.eu/info/funding-tenders/opportunities/portal/screen/opportunities/calls-for-tenders","0","0","0","2026-03-11T05:57:47.931Z"
"","EU Funding & Tenders Portal","","","","","","","","","","","","","3","https://ec.europa.eu/info/funding-tenders/opportunities/portal/screen/opportunities/tender-details/5ef69cbb-ab30-43a1-987a-eae0d534e77a-PIN","https://ec.europa.eu/info/funding-tenders/opportunities/portal/screen/opportunities/calls-for-tenders","0","0","0","2026-03-11T05:57:47.931Z"
"","EU Funding & Tenders Portal","","","","","","","","","","","","","3","https://ec.europa.eu/info/funding-tenders/opportunities/portal/screen/opportunities/tender-details/25006684-65e0-4a48-9aca-4ce398c6aea9-EXA","https://ec.europa.eu/info/funding-tenders/opportunities/portal/screen/opportunities/calls-for-tenders","0","0","0","2026-03-11T05:57:47.931Z"
"","EU Funding & Tenders Portal","","","","","","","","","","","","","3","https://ec.europa.eu/info/funding-tenders/opportunities/portal/screen/opportunities/tender-details/c53c7d11-ef3d-47fc-8126-729d7d3c3028-PIN","https://ec.europa.eu/info/funding-tenders/opportunities/portal/screen/opportunities/calls-for-tenders","0","0","0","2026-03-11T05:57:47.931Z"
"","EU Funding & Tenders Portal","","","","","","","","","","","","","7","https://ec.europa.eu/info/funding-tenders/opportunities/portal/screen/opportunities/tender-details/2094af92-7620-41eb-b2eb-eb8468e39c05-CN","https://ec.europa.eu/info/funding-tenders/opportunities/portal/screen/opportunities/calls-for-tenders","0","0","0","2026-03-11T05:57:47.931Z"
"","EU Funding & Tenders Portal","","","","","","","","","","","","","4","https://ec.europa.eu/info/funding-tenders/opportunities/portal/screen/opportunities/tender-details/9c54a388-44b2-4b4f-9afb-99d52c030318-CN","https://ec.europa.eu/info/funding-tenders/opportunities/portal/screen/opportunities/calls-for-tenders","0","0","0","2026-03-11T05:57:47.931Z"
"","EU Funding & Tenders Portal","","","","","","","","","","","","","3","https://ec.europa.eu/info/funding-tenders/opportunities/portal/screen/opportunities/tender-details/dba9ac8e-4c96-4582-b125-fbfbdf294e0a-EXA","https://ec.europa.eu/info/funding-tenders/opportunities/portal/screen/opportunities/calls-for-tenders","0","0","0","2026-03-11T05:57:47.931Z"
"","EU Funding & Tenders Portal","","","","","","","","","","","","","4","https://ec.europa.eu/info/funding-tenders/opportunities/portal/screen/opportunities/tender-details/368278e1-d951-426a-8d62-3e8d41150617-CN","https://ec.europa.eu/info/funding-tenders/opportunities/portal/screen/opportunities/calls-for-tenders","0","0","0","2026-03-11T05:57:47.931Z"
"","EU Funding & Tenders Portal","","","","","","","","","","","","","3","https://ec.europa.eu/info/funding-tenders/opportunities/portal/screen/opportunities/tender-details/670aa228-52ca-48f2-a2d6-aa9512f8b6a3-EXA","https://ec.europa.eu/info/funding-tenders/opportunities/portal/screen/opportunities/calls-for-tenders","0","0","0","2026-03-11T05:57:47.931Z"
"","EU Funding & Tenders Portal","","","","","","","","","","","","","3","https://ec.europa.eu/info/funding-tenders/opportunities/portal/screen/opportunities/tender-details/f907334f-f502-4518-8284-73639b0524bd-PIN","https://ec.europa.eu/info/funding-tenders/opportunities/portal/screen/opportunities/calls-for-tenders","0","0","0","2026-03-11T05:57:47.931Z"
"","EU Funding & Tenders Portal","","","","","","","","","","","","","3","https://ec.europa.eu/info/funding-tenders/opportunities/portal/screen/opportunities/tender-details/6666b9f4-5d27-4618-8839-ba6abe45ec67-EXA","https://ec.europa.eu/info/funding-tenders/opportunities/portal/screen/opportunities/calls-for-tenders","0","0","0","2026-03-11T05:57:47.931Z"
"","EU Funding & Tenders Portal","","","","","","","","","","","","","7","https://ec.europa.eu/info/funding-tenders/opportunities/portal/screen/opportunities/tender-details/ff0a2de9-5073-469d-a668-84d54b104e96-CN","https://ec.europa.eu/info/funding-tenders/opportunities/portal/screen/opportunities/calls-for-tenders","0","0","0","2026-03-11T05:57:47.931Z"
"","EU Funding & Tenders Portal","","","","","","","","","","","","","3","https://ec.europa.eu/info/funding-tenders/opportunities/portal/screen/opportunities/tender-details/ac16056a-298b-4157-a191-4df370b1f655-PIN","https://ec.europa.eu/info/funding-tenders/opportunities/portal/screen/opportunities/calls-for-tenders","0","0","0","2026-03-11T05:57:47.931Z"
"","EU Funding & Tenders Portal","","","","","","","","","","","","","3","https://ec.europa.eu/info/funding-tenders/opportunities/portal/screen/opportunities/tender-details/c22582da-f1a4-4fe5-8e99-326cbb14c96b-PIN","https://ec.europa.eu/info/funding-tenders/opportunities/portal/screen/opportunities/calls-for-tenders","0","0","0","2026-03-11T05:57:47.931Z"
"","EU Funding & Tenders Portal","","","","","","","","","","","","","3","https://ec.europa.eu/info/funding-tenders/opportunities/portal/screen/opportunities/tender-details/9db8f745-0e71-41e7-9861-d56fc650c170-PIN","https://ec.europa.eu/info/funding-tenders/opportunities/portal/screen/opportunities/calls-for-tenders","0","0","0","2026-03-11T05:57:47.931Z"
"","EU Funding & Tenders Portal","","","","","","","","","","","","","3","https://ec.europa.eu/info/funding-tenders/opportunities/portal/screen/opportunities/tender-details/a7a8d35f-6fa8-4352-9fc3-79461107cfd2-PIN","https://ec.europa.eu/info/funding-tenders/opportunities/portal/screen/opportunities/calls-for-tenders","0","0","0","2026-03-11T05:57:47.931Z"
"","EU Funding & Tenders Portal","","","","","","","","","","","","","26","https://ec.europa.eu/info/funding-tenders/opportunities/portal/screen/opportunities/tender-details/aff7a5b1-6bb1-448e-b33f-211b7dc7b220-CN","https://ec.europa.eu/info/funding-tenders/opportunities/portal/screen/opportunities/calls-for-tenders","0","0","0","2026-03-11T05:57:47.931Z"
"","EU Funding & Tenders Portal","","","","","","","","","","","","","4","https://ec.europa.eu/info/funding-tenders/opportunities/portal/screen/opportunities/tender-details/3c4283fe-e2c9-445a-aad0-060ea2ffe354-CN","https://ec.europa.eu/info/funding-tenders/opportunities/portal/screen/opportunities/calls-for-tenders","0","0","0","2026-03-11T05:57:47.931Z"
"","EU Funding & Tenders Portal","","","","","","","","","","","","","3","https://ec.europa.eu/info/funding-tenders/opportunities/portal/screen/opportunities/tender-details/3daabf93-182f-4b6a-bbab-fee5cd4ecf89-EXA","https://ec.europa.eu/info/funding-tenders/opportunities/portal/screen/opportunities/calls-for-tenders","0","0","0","2026-03-11T05:57:47.931Z"
"","EU Funding & Tenders Portal","","","","","","","","","","","","","3","https://ec.europa.eu/info/funding-tenders/opportunities/portal/screen/opportunities/tender-details/8c08aa96-0aad-46b9-b5eb-c99a16361b15-EXA","https://ec.europa.eu/info/funding-tenders/opportunities/portal/screen/opportunities/calls-for-tenders","0","0","0","2026-03-11T05:57:47.931Z"
"","EU Funding & Tenders Portal","","","","","","","","","","","","","9","https://ec.europa.eu/info/funding-tenders/opportunities/portal/screen/opportunities/tender-details/18cb064d-aa4d-46a4-ba02-0d05bbbfe3d3-CN","https://ec.europa.eu/info/funding-tenders/opportunities/portal/screen/opportunities/calls-for-tenders","0","0","0","2026-03-11T05:57:47.931Z"
"","EU Funding & Tenders Portal","","","","","","","","","","","","","3","https://ec.europa.eu/info/funding-tenders/opportunities/portal/screen/opportunities/tender-details/74a77c74-fbb6-4270-b010-721c4b47c51a-EXA","https://ec.europa.eu/info/funding-tenders/opportunities/portal/screen/opportunities/calls-for-tenders","0","0","0","2026-03-11T05:57:47.931Z"
"","EU Funding & Tenders Portal","","","","","","","","","","","","","3","https://ec.europa.eu/info/funding-tenders/opportunities/portal/screen/opportunities/tender-details/b32683ad-0330-4d57-8f71-6a179fed602e-EXA","https://ec.europa.eu/info/funding-tenders/opportunities/portal/screen/opportunities/calls-for-tenders","0","0","0","2026-03-11T05:57:47.931Z"
"","EU Funding & Tenders Portal","","","","","","","","","","","","","3","https://ec.europa.eu/info/funding-tenders/opportunities/portal/screen/opportunities/tender-details/e368b6a4-18b5-4511-90cf-f3bc376756c8-PIN","https://ec.europa.eu/info/funding-tenders/opportunities/portal/screen/opportunities/calls-for-tenders","0","0","0","2026-03-11T05:57:47.931Z"
"","EU Funding & Tenders Portal","","","","","","","","","","","","","5","https://ec.europa.eu/info/funding-tenders/opportunities/portal/screen/opportunities/tender-details/3e22ae2f-4d65-4a8a-8210-5c3562115ac0-CN","https://ec.europa.eu/info/funding-tenders/opportunities/portal/screen/opportunities/calls-for-tenders","0","0","0","2026-03-11T05:57:47.931Z"
"","EU Funding & Tenders Portal","","","","","","","","","","","","","3","https://ec.europa.eu/info/funding-tenders/opportunities/portal/screen/opportunities/tender-details/c39c6ab5-7f78-4b26-984e-4daa74d58635-PIN","https://ec.europa.eu/info/funding-tenders/opportunities/portal/screen/opportunities/calls-for-tenders","0","0","0","2026-03-11T05:57:47.931Z"
"","EU Funding & Tenders Portal","","","","","","","","","","","","","3","https://ec.europa.eu/info/funding-tenders/opportunities/portal/screen/opportunities/tender-details/1f26fc38-4421-4c35-858f-0818b9315732-EXA","https://ec.europa.eu/info/funding-tenders/opportunities/portal/screen/opportunities/calls-for-tenders","0","0","0","2026-03-11T05:57:47.931Z"
"","EU Funding & Tenders Portal","","","","","","","","","","","","","3","https://ec.europa.eu/info/funding-tenders/opportunities/portal/screen/opportunities/tender-details/96359261-ad52-4af2-901a-6483a29c9001-EXA","https://ec.europa.eu/info/funding-tenders/opportunities/portal/screen/opportunities/calls-for-tenders","0","0","0","2026-03-11T05:57:47.931Z"
"","EU Funding & Tenders Portal","","","","","","","","","","","","","3","https://ec.europa.eu/info/funding-tenders/opportunities/portal/screen/opportunities/tender-details/22f07990-7196-46bc-bebe-55b71c82acbc-EXA","https://ec.europa.eu/info/funding-tenders/opportunities/portal/screen/opportunities/calls-for-tenders","0","0","0","2026-03-11T05:57:47.931Z"
"","EU Funding & Tenders Portal","","","","","","","","","","","","","4","https://ec.europa.eu/info/funding-tenders/opportunities/portal/screen/opportunities/tender-details/f06d6a3d-f488-4aae-aa04-03bb51febd9a-CN","https://ec.europa.eu/info/funding-tenders/opportunities/portal/screen/opportunities/calls-for-tenders","0","0","0","2026-03-11T05:57:47.931Z"
"","EU Funding & Tenders Portal","","","","","","","","","","","","","3","https://ec.europa.eu/info/funding-tenders/opportunities/portal/screen/opportunities/tender-details/a742ef99-4bcf-4dca-aeda-65944a5f7649-EXA","https://ec.europa.eu/info/funding-tenders/opportunities/portal/screen/opportunities/calls-for-tenders","0","0","0","2026-03-11T05:57:47.931Z"
"","EU Funding & Tenders Portal","","","","","","","","","","","","","3","https://ec.europa.eu/info/funding-tenders/opportunities/portal/screen/opportunities/tender-details/36b4e70c-305b-46ff-8e9c-3799c2ab1e07-PIN","https://ec.europa.eu/info/funding-tenders/opportunities/portal/screen/opportunities/calls-for-tenders","0","0","0","2026-03-11T05:57:47.931Z"
"","EU Funding & Tenders Portal","","","","","","","","","","","","","3","https://ec.europa.eu/info/funding-tenders/opportunities/portal/screen/opportunities/tender-details/fa24a176-a9ae-4b98-87e6-67ff31430dc6-EXA","https://ec.europa.eu/info/funding-tenders/opportunities/portal/screen/opportunities/calls-for-tenders","0","0","0","2026-03-11T05:57:47.931Z"
"","EU Funding & Tenders Portal","","","","","","","","","","","","","3","https://ec.europa.eu/info/funding-tenders/opportunities/portal/screen/opportunities/tender-details/273c1fa7-21e2-47c0-9429-e5b2fcda9f74-PIN","https://ec.europa.eu/info/funding-tenders/opportunities/portal/screen/opportunities/calls-for-tenders","0","0","0","2026-03-11T05:57:47.931Z"
"","EU Funding & Tenders Portal","","","","","","","","","","","","","4","https://ec.europa.eu/info/funding-tenders/opportunities/portal/screen/opportunities/tender-details/eccd370e-c91f-454c-b31c-469141febe7c-CN","https://ec.europa.eu/info/funding-tenders/opportunities/portal/screen/opportunities/calls-for-tenders","0","0","0","2026-03-11T05:57:47.931Z"
"","EU Funding & Tenders Portal","","","","","","","","","","","","","3","https://ec.europa.eu/info/funding-tenders/opportunities/portal/screen/opportunities/tender-details/fdd27f7c-7d71-4bbb-be0c-ecd003ae950e-EXA","https://ec.europa.eu/info/funding-tenders/opportunities/portal/screen/opportunities/calls-for-tenders","0","0","0","2026-03-11T05:57:47.931Z"
"","EU Funding & Tenders Portal","","","","","","","","","","","","","6","https://ec.europa.eu/info/funding-tenders/opportunities/portal/screen/opportunities/tender-details/33927880-3ff1-4ccd-bb1e-76665dec5893-CN","https://ec.europa.eu/info/funding-tenders/opportunities/portal/screen/opportunities/calls-for-tenders","0","0","0","2026-03-11T05:57:47.931Z"
"","EU Funding & Tenders Portal","","","","","","","","","","","","","3","https://ec.europa.eu/info/funding-tenders/opportunities/portal/screen/opportunities/tender-details/fcceeaeb-a0ea-4384-a005-fa1474a7974e-PIN","https://ec.europa.eu/info/funding-tenders/opportunities/portal/screen/opportunities/calls-for-tenders","0","0","0","2026-03-11T05:57:47.931Z"
"","EU Funding & Tenders Portal","","","","","","","","","","","","","3","https://ec.europa.eu/info/funding-tenders/opportunities/portal/screen/opportunities/tender-details/c95f78a0-9156-4bf8-99c9-c9c95a72cd3b-PIN","https://ec.europa.eu/info/funding-tenders/opportunities/portal/screen/opportunities/calls-for-tenders","0","0","0","2026-03-11T05:57:47.931Z"
"","EU Funding & Tenders Portal","","","","","","","","","","","","","4","https://ec.europa.eu/info/funding-tenders/opportunities/portal/screen/opportunities/tender-details/0294b679-42e9-44e1-bd6f-736807518c37-CN","https://ec.europa.eu/info/funding-tenders/opportunities/portal/screen/opportunities/calls-for-tenders","0","0","0","2026-03-11T05:57:47.931Z"
"","EU Funding & Tenders Portal","","","","","","","","","","","","","3","https://ec.europa.eu/info/funding-tenders/opportunities/portal/screen/opportunities/tender-details/203623af-8c97-40bb-bccf-7ea8723abe3a-PIN","https://ec.europa.eu/info/funding-tenders/opportunities/portal/screen/opportunities/calls-for-tenders","0","0","0","2026-03-11T05:57:47.931Z"
"","EU Funding & Tenders Portal","","","","","","","","","","","","","10","https://ec.europa.eu/info/funding-tenders/opportunities/portal/screen/opportunities/tender-details/b050720b-2142-47a8-b181-ea7e3b5b9579-CN","https://ec.europa.eu/info/funding-tenders/opportunities/portal/screen/opportunities/calls-for-tenders","0","0","0","2026-03-11T05:57:47.931Z"
"","EU Funding & Tenders Portal","","","","","","","","","","","","","3","https://ec.europa.eu/info/funding-tenders/opportunities/portal/screen/opportunities/tender-details/74e1fc7d-8884-456b-9aa0-2c196ec7913d-EXA","https://ec.europa.eu/info/funding-tenders/opportunities/portal/screen/opportunities/calls-for-tenders","0","0","0","2026-03-11T05:57:47.931Z"
"","EU Funding & Tenders Portal","","","","","","","","","","","","","8","https://ec.europa.eu/info/funding-tenders/opportunities/portal/screen/opportunities/tender-details/871f15c1-4314-47d7-bca9-cc0eff25ac55-CN","https://ec.europa.eu/info/funding-tenders/opportunities/portal/screen/opportunities/calls-for-tenders","0","0","0","2026-03-11T05:57:47.931Z"
"","EU Funding & Tenders Portal","","","","","","","","","","","","","4","https://ec.europa.eu/info/funding-tenders/opportunities/portal/screen/opportunities/tender-details/5f0b0044-dac9-4875-a55b-c83018ae01fa-CN","https://ec.europa.eu/info/funding-tenders/opportunities/portal/screen/opportunities/calls-for-tenders","0","0","0","2026-03-11T05:57:47.931Z"
"","EU Funding & Tenders Portal","","","","","","","","","","","","","3","https://ec.europa.eu/info/funding-tenders/opportunities/portal/screen/opportunities/tender-details/6f376b05-2969-4a09-ba40-2a7d4a6868d5-PIN","https://ec.europa.eu/info/funding-tenders/opportunities/portal/screen/opportunities/calls-for-tenders","0","0","0","2026-03-11T05:57:47.931Z"
"","EU Funding & Tenders Portal","","","","","","","","","","","","","3","https://ec.europa.eu/info/funding-tenders/opportunities/portal/screen/opportunities/tender-details/942b13f9-395d-411d-b652-2d9085908899-PIN","https://ec.europa.eu/info/funding-tenders/opportunities/portal/screen/opportunities/calls-for-tenders","0","0","0","2026-03-11T05:57:47.931Z"
"","EU Funding & Tenders Portal","","","","","","","","","","","","","3","https://ec.europa.eu/info/funding-tenders/opportunities/portal/screen/opportunities/tender-details/e2bae968-8a40-4613-a49a-a72786fd96a6-EXA","https://ec.europa.eu/info/funding-tenders/opportunities/portal/screen/opportunities/calls-for-tenders","0","0","0","2026-03-11T05:57:47.931Z"
"","EU Funding & Tenders Portal","","","","","","","","","","","","","3","https://ec.europa.eu/info/funding-tenders/opportunities/portal/screen/opportunities/tender-details/af8f25b8-ddeb-4d04-8c02-76ae10309517-EXA","https://ec.europa.eu/info/funding-tenders/opportunities/portal/screen/opportunities/calls-for-tenders","0","0","0","2026-03-11T05:57:47.931Z"
"","EU Funding & Tenders Portal","","","","","","","","","","","","","3","https://ec.europa.eu/info/funding-tenders/opportunities/portal/screen/opportunities/tender-details/9cd7adf8-b4ab-4149-b97e-f370369fb1cf-PIN","https://ec.europa.eu/info/funding-tenders/opportunities/portal/screen/opportunities/calls-for-tenders","0","0","0","2026-03-11T05:57:47.931Z"
"","EU Funding & Tenders Portal","","","","","","","","","","","","","3","https://ec.europa.eu/info/funding-tenders/opportunities/portal/screen/opportunities/tender-details/6c01901c-1349-4ac5-b127-25e04a97e109-PIN","https://ec.europa.eu/info/funding-tenders/opportunities/portal/screen/opportunities/calls-for-tenders","0","0","0","2026-03-11T05:57:47.931Z"
"","EU Funding & Tenders Portal","","","","","","","","","","","","","3","https://ec.europa.eu/info/funding-tenders/opportunities/portal/screen/opportunities/tender-details/c398586d-6fdc-4f56-b172-f0c7ea69ae2d-EXA","https://ec.europa.eu/info/funding-tenders/opportunities/portal/screen/opportunities/calls-for-tenders","0","0","0","2026-03-11T05:57:47.931Z"
"","EU Funding & Tenders Portal","","","","","","","","","","","","","3","https://ec.europa.eu/info/funding-tenders/opportunities/portal/screen/opportunities/tender-details/3ad7b6cb-9793-4686-bd78-da40244409ce-PIN","https://ec.europa.eu/info/funding-tenders/opportunities/portal/screen/opportunities/calls-for-tenders","0","0","0","2026-03-11T05:57:47.931Z"
"","EU Funding & Tenders Portal","","","","","","","","","","","","","3","https://ec.europa.eu/info/funding-tenders/opportunities/portal/screen/opportunities/tender-details/125bfd67-d66e-4e47-ab99-75b17780059a-PIN","https://ec.europa.eu/info/funding-tenders/opportunities/portal/screen/opportunities/calls-for-tenders","0","0","0","2026-03-11T05:57:47.931Z"
"","EU Funding & Tenders Portal","","","","","","","","","","","","","3","https://ec.europa.eu/info/funding-tenders/opportunities/portal/screen/opportunities/tender-details/3f84ebea-5fa4-4a52-a1a7-6e8b8c098e7a-PIN","https://ec.europa.eu/info/funding-tenders/opportunities/portal/screen/opportunities/calls-for-tenders","0","0","0","2026-03-11T05:57:47.931Z"
"","EU Funding & Tenders Portal","","","","","","","","","","","","","3","https://ec.europa.eu/info/funding-tenders/opportunities/portal/screen/opportunities/tender-details/9b56affd-ba34-4fbb-9505-8bf5ecf7b23e-PIN","https://ec.europa.eu/info/funding-tenders/opportunities/portal/screen/opportunities/calls-for-tenders","0","0","0","2026-03-11T05:57:47.931Z"
"","EU Funding & Tenders Portal","","","","","","","","","","","","","4","https://ec.europa.eu/info/funding-tenders/opportunities/portal/screen/opportunities/tender-details/24ffdafd-c7a9-4d2a-be28-955f3f885596-CN","https://ec.europa.eu/info/funding-tenders/opportunities/portal/screen/opportunities/calls-for-tenders","0","0","0","2026-03-11T05:57:47.931Z"
"","EU Funding & Tenders Portal","","","","","","","","","","","","","3","https://ec.europa.eu/info/funding-tenders/opportunities/portal/screen/opportunities/tender-details/4072c56c-e418-40d2-96e0-10b3c0c2ae39-EXA","https://ec.europa.eu/info/funding-tenders/opportunities/portal/screen/opportunities/calls-for-tenders","0","0","0","2026-03-11T05:57:47.931Z"
"","EU Funding & Tenders Portal","","","","","","","","","","","","","3","https://ec.europa.eu/info/funding-tenders/opportunities/portal/screen/opportunities/tender-details/01b872c2-c399-44b5-9178-04cdd0631c50-EXA","https://ec.europa.eu/info/funding-tenders/opportunities/portal/screen/opportunities/calls-for-tenders","0","0","0","2026-03-11T05:57:47.931Z"
"","EU Funding & Tenders Portal","","","","","","","","","","","","","3","https://ec.europa.eu/info/funding-tenders/opportunities/portal/screen/opportunities/tender-details/72142728-a09a-4691-86bf-7e00a4050066-EXA","https://ec.europa.eu/info/funding-tenders/opportunities/portal/screen/opportunities/calls-for-tenders","0","0","0","2026-03-11T05:57:47.931Z"
"","EU Funding & Tenders Portal","","","","","","","","","","","","","3","https://ec.europa.eu/info/funding-tenders/opportunities/portal/screen/opportunities/tender-details/65f564a4-a572-4d04-b8e4-1b858aaa7a52-EXA","https://ec.europa.eu/info/funding-tenders/opportunities/portal/screen/opportunities/calls-for-tenders","0","0","0","2026-03-11T05:57:47.931Z"
"","EU Funding & Tenders Portal","","","","","","","","","","","","","18","https://ec.europa.eu/info/funding-tenders/opportunities/portal/screen/opportunities/tender-details/99089b12-fa72-4b3c-b96f-1e1d0c5ded9f-CN","https://ec.europa.eu/info/funding-tenders/opportunities/portal/screen/opportunities/calls-for-tenders","0","0","0","2026-03-11T05:57:47.931Z"
"","EU Funding & Tenders Portal","","","","","","","","","","","","","3","https://ec.europa.eu/info/funding-tenders/opportunities/portal/screen/opportunities/tender-details/ce1aaced-a808-4673-97b2-20f92afe6759-EXA","https://ec.europa.eu/info/funding-tenders/opportunities/portal/screen/opportunities/calls-for-tenders","0","0","0","2026-03-11T05:57:47.931Z"
"","EU Funding & Tenders Portal","","","","","","","","","","","","","4","https://ec.europa.eu/info/funding-tenders/opportunities/portal/screen/opportunities/tender-details/bade6fff-862b-464c-bdd4-37127a10dc93-CN","https://ec.europa.eu/info/funding-tenders/opportunities/portal/screen/opportunities/calls-for-tenders","0","0","0","2026-03-11T05:57:47.931Z"
"","EU Funding & Tenders Portal","","","","","","","","","","","","","4","https://ec.europa.eu/info/funding-tenders/opportunities/portal/screen/opportunities/tender-details/af0c05e4-e724-4460-8a65-b4e1343dd2e1-CN","https://ec.europa.eu/info/funding-tenders/opportunities/portal/screen/opportunities/calls-for-tenders","0","0","0","2026-03-11T05:57:47.931Z"
"","EU Funding & Tenders Portal","","","","","","","","","","","","","5","https://ec.europa.eu/info/funding-tenders/opportunities/portal/screen/opportunities/tender-details/be94aaf3-edb2-4176-998f-23f050c1dfe2-CN","https://ec.europa.eu/info/funding-tenders/opportunities/portal/screen/opportunities/calls-for-tenders","0","0","0","2026-03-11T05:57:47.931Z"
"","EU Funding & Tenders Portal","","","","","","","","","","","","","3","https://ec.europa.eu/info/funding-tenders/opportunities/portal/screen/opportunities/tender-details/9a8f2c92-c3bd-4b28-a201-a71d150fce84-EXA","https://ec.europa.eu/info/funding-tenders/opportunities/portal/screen/opportunities/calls-for-tenders","0","0","0","2026-03-11T05:57:47.931Z"
"","EU Funding & Tenders Portal","","","","","","","","","","","","","5","https://ec.europa.eu/info/funding-tenders/opportunities/portal/screen/opportunities/tender-details/708d214e-ea87-404b-9d16-dbc7131fbb64-CN","https://ec.europa.eu/info/funding-tenders/opportunities/portal/screen/opportunities/calls-for-tenders","0","0","0","2026-03-11T05:57:47.931Z"
"","EU Funding & Tenders Portal","","","","","","","","","","","","","4","https://ec.europa.eu/info/funding-tenders/opportunities/portal/screen/opportunities/tender-details/de6ba40a-4180-48e6-a8ab-6c092291e923-CN","https://ec.europa.eu/info/funding-tenders/opportunities/portal/screen/opportunities/calls-for-tenders","0","0","0","2026-03-11T05:57:47.931Z"
"","EU Funding & Tenders Portal","","","","","","","","","","","","","4","https://ec.europa.eu/info/funding-tenders/opportunities/portal/screen/opportunities/tender-details/4f165aa0-d289-4a4c-a9a4-09be17140531-CN","https://ec.europa.eu/info/funding-tenders/opportunities/portal/screen/opportunities/calls-for-tenders","0","0","0","2026-03-11T05:57:47.931Z"
"","EU Funding & Tenders Portal","","","","","","","","","","","","","3","https://ec.europa.eu/info/funding-tenders/opportunities/portal/screen/opportunities/tender-details/a539c74e-5746-4f07-9240-5e382d9cacaf-PIN","https://ec.europa.eu/info/funding-tenders/opportunities/portal/screen/opportunities/calls-for-tenders","0","0","0","2026-03-11T05:57:47.931Z"
"","EU Funding & Tenders Portal","","","","","","","","","","","","","3","https://ec.europa.eu/info/funding-tenders/opportunities/portal/screen/opportunities/tender-details/7c875d49-985e-4bbf-83a7-cc069b63d0b1-EXA","https://ec.europa.eu/info/funding-tenders/opportunities/portal/screen/opportunities/calls-for-tenders","0","0","0","2026-03-11T05:57:47.931Z"
"","EU Funding & Tenders Portal","","","","","","","","","","","","","3","https://ec.europa.eu/info/funding-tenders/opportunities/portal/screen/opportunities/tender-details/12b5e9da-5484-4c9b-9446-b5a7bf06790e-EXA","https://ec.europa.eu/info/funding-tenders/opportunities/portal/screen/opportunities/calls-for-tenders","0","0","0","2026-03-11T05:57:47.931Z"
"","EU Funding & Tenders Portal","","","","","","","","","","","","","3","https://ec.europa.eu/info/funding-tenders/opportunities/portal/screen/opportunities/tender-details/ee282e31-5eb9-4c50-829b-a33f93f517a2-PIN","https://ec.europa.eu/info/funding-tenders/opportunities/portal/screen/opportunities/calls-for-tenders","0","0","0","2026-03-11T05:57:47.931Z"
"","EU Funding & Tenders Portal","","","","","","","","","","","","","13","https://ec.europa.eu/info/funding-tenders/opportunities/portal/screen/opportunities/tender-details/1f582bcd-db78-4687-b49f-35644ef9beca-CN","https://ec.europa.eu/info/funding-tenders/opportunities/portal/screen/opportunities/calls-for-tenders","0","0","0","2026-03-11T05:57:47.931Z"
"","EU Funding & Tenders Portal","","","","","","","","","","","","","3","https://ec.europa.eu/info/funding-tenders/opportunities/portal/screen/opportunities/tender-details/fc5e99e8-35a1-4037-a0d2-ab275e9d6a29-EXA","https://ec.europa.eu/info/funding-tenders/opportunities/portal/screen/opportunities/calls-for-tenders","0","0","0","2026-03-11T05:57:47.931Z"
"","EU Funding & Tenders Portal","","","","","","","","","","","","","3","https://ec.europa.eu/info/funding-tenders/opportunities/portal/screen/opportunities/tender-details/243834fa-60a1-487f-a7c7-b01d1c07d79f-EXA","https://ec.europa.eu/info/funding-tenders/opportunities/portal/screen/opportunities/calls-for-tenders","0","0","0","2026-03-11T05:57:47.931Z"
"","EU Funding & Tenders Portal","","","","","","","","","","","","","3","https://ec.europa.eu/info/funding-tenders/opportunities/portal/screen/opportunities/tender-details/c6f9861c-611e-4231-9d1a-2b69b4009f6d-PIN","https://ec.europa.eu/info/funding-tenders/opportunities/portal/screen/opportunities/calls-for-tenders","0","0","0","2026-03-11T05:57:47.931Z"
"","EU Funding & Tenders Portal","","","","","","","","","","","","","3","https://ec.europa.eu/info/funding-tenders/opportunities/portal/screen/opportunities/tender-details/d6aeefb1-a598-4836-9b1f-d4b1ef7723a1-PIN","https://ec.europa.eu/info/funding-tenders/opportunities/portal/screen/opportunities/calls-for-tenders","0","0","0","2026-03-11T05:57:47.931Z"
"","EU Funding & Tenders Portal","","","","","","","","","","","","","3","https://ec.europa.eu/info/funding-tenders/opportunities/portal/screen/opportunities/tender-details/dbc3e2eb-fe31-4f4f-a76f-839cd3fb5d7f-EXA","https://ec.europa.eu/info/funding-tenders/opportunities/portal/screen/opportunities/calls-for-tenders","0","0","0","2026-03-11T05:57:47.931Z"
"","EU Funding & Tenders Portal","","","","","","","","","","","","","3","https://ec.europa.eu/info/funding-tenders/opportunities/portal/screen/opportunities/tender-details/770ccffb-6ab7-41ab-b09c-23405cc340b2-EXA","https://ec.europa.eu/info/funding-tenders/opportunities/portal/screen/opportunities/calls-for-tenders","0","0","0","2026-03-11T05:57:47.931Z"
"","EU Funding & Tenders Portal","","","","","","","","","","","","","3","https://ec.europa.eu/info/funding-tenders/opportunities/portal/screen/opportunities/tender-details/0fcc1023-7820-413b-9d88-b677b71311f2-PIN","https://ec.europa.eu/info/funding-tenders/opportunities/portal/screen/opportunities/calls-for-tenders","0","0","0","2026-03-11T05:57:47.931Z"
"","EU Funding & Tenders Portal","","","","","","","","","","","","","3","https://ec.europa.eu/info/funding-tenders/opportunities/portal/screen/opportunities/tender-details/45f6880d-ef24-4290-942b-b201bd9cb308-PIN","https://ec.europa.eu/info/funding-tenders/opportunities/portal/screen/opportunities/calls-for-tenders","0","0","0","2026-03-11T05:57:47.931Z"
"","EU Funding & Tenders Portal","","","","","","","","","","","","","3","https://ec.europa.eu/info/funding-tenders/opportunities/portal/screen/opportunities/tender-details/8caa523d-0004-4dcb-9780-023d0b6686b2-PIN","https://ec.europa.eu/info/funding-tenders/opportunities/portal/screen/opportunities/calls-for-tenders","0","0","0","2026-03-11T05:57:47.931Z"
"","EU Funding & Tenders Portal","","","","","","","","","","","","","8","https://ec.europa.eu/info/funding-tenders/opportunities/portal/screen/opportunities/tender-details/98de8e75-1bc3-4d3c-949e-2d44f283387b-CN","https://ec.europa.eu/info/funding-tenders/opportunities/portal/screen/opportunities/calls-for-tenders","0","0","0","2026-03-11T05:57:47.931Z"
"","EU Funding & Tenders Portal","","","","","","","","","","","","","7","https://ec.europa.eu/info/funding-tenders/opportunities/portal/screen/opportunities/tender-details/905657c9-035d-4fa5-b109-eae8bc9b078e-CN","https://ec.europa.eu/info/funding-tenders/opportunities/portal/screen/opportunities/calls-for-tenders","0","0","0","2026-03-11T05:57:47.931Z"
"","EU Funding & Tenders Portal","","","","","","","","","","","","","3","https://ec.europa.eu/info/funding-tenders/opportunities/portal/screen/opportunities/tender-details/4f9d3168-7bdb-4286-a92c-f0bb99c828fc-EXA","https://ec.europa.eu/info/funding-tenders/opportunities/portal/screen/opportunities/calls-for-tenders","0","0","0","2026-03-11T05:57:47.931Z"
"","EU Funding & Tenders Portal","","","","","","","","","","","","","3","https://ec.europa.eu/info/funding-tenders/opportunities/portal/screen/opportunities/tender-details/570ad67d-83b3-46eb-9eb5-35afdde181a9-PIN","https://ec.europa.eu/info/funding-tenders/opportunities/portal/screen/opportunities/calls-for-tenders","0","0","0","2026-03-11T05:57:47.931Z"
"","EU Funding & Tenders Portal","","","","","","","","","","","","","3","https://ec.europa.eu/info/funding-tenders/opportunities/portal/screen/opportunities/tender-details/11c32eab-4670-4280-89dd-565f3bbce367-EXA","https://ec.europa.eu/info/funding-tenders/opportunities/portal/screen/opportunities/calls-for-tenders","0","0","0","2026-03-11T05:57:47.931Z"
"","EU Funding & Tenders Portal","","","","","","","","","","","","","3","https://ec.europa.eu/info/funding-tenders/opportunities/portal/screen/opportunities/tender-details/74d35366-a513-4bdc-8536-29a7b051b9a8-EXA","https://ec.europa.eu/info/funding-tenders/opportunities/portal/screen/opportunities/calls-for-tenders","0","0","0","2026-03-11T05:57:47.931Z"
"","EU Funding & Tenders Portal","","","","","","","","","","","","","3","https://ec.europa.eu/info/funding-tenders/opportunities/portal/screen/opportunities/tender-details/244dd243-eef1-41d0-8668-7f5ea6acc9e1-EXA","https://ec.europa.eu/info/funding-tenders/opportunities/portal/screen/opportunities/calls-for-tenders","0","0","0","2026-03-11T05:57:47.931Z"
"","EU Funding & Tenders Portal","","","","","","","","","","","","","3","https://ec.europa.eu/info/funding-tenders/opportunities/portal/screen/opportunities/tender-details/a01b93c3-5204-46c3-9049-fcc2ffdd9f9b-EXA","https://ec.europa.eu/info/funding-tenders/opportunities/portal/screen/opportunities/calls-for-tenders","0","0","0","2026-03-11T05:57:47.931Z"
"","EU Funding & Tenders Portal","","","","","","","","","","","","","6","https://ec.europa.eu/info/funding-tenders/opportunities/portal/screen/opportunities/tender-details/0d3f5c38-49f2-4372-a59c-12b852fb79d4-CN","https://ec.europa.eu/info/funding-tenders/opportunities/portal/screen/opportunities/calls-for-tenders","0","0","0","2026-03-11T05:57:47.931Z"
"","EU Funding & Tenders Portal","","","","","","","","","","","","","3","https://ec.europa.eu/info/funding-tenders/opportunities/portal/screen/opportunities/tender-details/2865a435-0279-4f7e-9dcf-9df5f01cb0c2-EXA","https://ec.europa.eu/info/funding-tenders/opportunities/portal/screen/opportunities/calls-for-tenders","0","0","0","2026-03-11T05:57:47.931Z"
"","EU Funding & Tenders Portal","","","","","","","","","","","","","3","https://ec.europa.eu/info/funding-tenders/opportunities/portal/screen/opportunities/tender-details/95478bff-ab2c-43a5-a2a2-bd4ae4686a54-EXA","https://ec.europa.eu/info/funding-tenders/opportunities/portal/screen/opportunities/calls-for-tenders","0","0","0","2026-03-11T05:57:47.931Z"
"","EU Funding & Tenders Portal","","","","","","","","","","","","","9","https://ec.europa.eu/info/funding-tenders/opportunities/portal/screen/opportunities/tender-details/262e40d7-735d-41a7-8bb4-834f89ea0c1a-CN","https://ec.europa.eu/info/funding-tenders/opportunities/portal/screen/opportunities/calls-for-tenders","0","0","0","2026-03-11T05:57:47.931Z"
"","EU Funding & Tenders Portal","","","","","","","","","","","","","4","https://ec.europa.eu/info/funding-tenders/opportunities/portal/screen/opportunities/tender-details/4b45d249-5739-4bf7-9595-a4715b73c2f6-EXA","https://ec.europa.eu/info/funding-tenders/opportunities/portal/screen/opportunities/calls-for-tenders","0","0","0","2026-03-11T05:57:47.931Z"
"","EU Funding & Tenders Portal","","","","","","","","","","","","","3","https://ec.europa.eu/info/funding-tenders/opportunities/portal/screen/opportunities/tender-details/f41c7f34-4c9e-4c7a-add6-f705c89b88da-EXA","https://ec.europa.eu/info/funding-tenders/opportunities/portal/screen/opportunities/calls-for-tenders","0","0","0","2026-03-11T05:57:47.931Z"
"","EU Funding & Tenders Portal","","","","","","","","","","","","","3","https://ec.europa.eu/info/funding-tenders/opportunities/portal/screen/opportunities/tender-details/9bb41d78-6069-4c66-8ec2-e5252818df5b-EXA","https://ec.europa.eu/info/funding-tenders/opportunities/portal/screen/opportunities/calls-for-tenders","0","0","0","2026-03-11T05:57:47.931Z"
"","EU Funding & Tenders Portal","","","","","","","","","","","","","6","https://ec.europa.eu/info/funding-tenders/opportunities/portal/screen/opportunities/tender-details/9932891a-82eb-4bac-acb3-3c37af8f8256-CN","https://ec.europa.eu/info/funding-tenders/opportunities/portal/screen/opportunities/calls-for-tenders","0","0","0","2026-03-11T05:57:47.931Z"
"","EU Funding & Tenders Portal","","","","","","","","","","","","","6","https://ec.europa.eu/info/funding-tenders/opportunities/portal/screen/opportunities/tender-details/b251e0e9-02f1-4242-a7f0-4dee1acdcdda-CN","https://ec.europa.eu/info/funding-tenders/opportunities/portal/screen/opportunities/calls-for-tenders","0","0","0","2026-03-11T05:57:47.931Z"
"","EU Funding & Tenders Portal","","","","","","","","","","","","","3","https://ec.europa.eu/info/funding-tenders/opportunities/portal/screen/opportunities/tender-details/8a8d8225-ef94-4781-b70a-72acca9f4291-CN","https://ec.europa.eu/info/funding-tenders/opportunities/portal/screen/opportunities/calls-for-tenders","0","0","0","2026-03-11T05:57:47.931Z"
"","EU Funding & Tenders Portal","","","","","","","","","","","","","3","https://ec.europa.eu/info/funding-tenders/opportunities/portal/screen/opportunities/tender-details/3c3dd8a9-0413-4437-b16c-5683c893602b-PIN","https://ec.europa.eu/info/funding-tenders/opportunities/portal/screen/opportunities/calls-for-tenders","0","0","0","2026-03-11T05:57:47.931Z"
"","EU Funding & Tenders Portal","","","","","","","","","","","","","3","https://ec.europa.eu/info/funding-tenders/opportunities/portal/screen/opportunities/tender-details/4a7ea656-e51a-4d78-ba53-0997f9dc5dee-EXA","https://ec.europa.eu/info/funding-tenders/opportunities/portal/screen/opportunities/calls-for-tenders","0","0","0","2026-03-11T05:57:47.931Z"
"","EU Funding & Tenders Portal","","","","","","","","","","","","","3","https://ec.europa.eu/info/funding-tenders/opportunities/portal/screen/opportunities/tender-details/ed530bf3-9215-497c-9f15-031053222cd8-EXA","https://ec.europa.eu/info/funding-tenders/opportunities/portal/screen/opportunities/calls-for-tenders","0","0","0","2026-03-11T05:57:47.931Z"
"","EU Funding & Tenders Portal","","","","","","","","","","","","","3","https://ec.europa.eu/info/funding-tenders/opportunities/portal/screen/opportunities/tender-details/2fa9cf87-fb32-4f36-8221-38f88e258a0e-PIN","https://ec.europa.eu/info/funding-tenders/opportunities/portal/screen/opportunities/calls-for-tenders","0","0","0","2026-03-11T05:57:47.931Z"
"","EU Funding & Tenders Portal","","","","","","","","","","","","","3","https://ec.europa.eu/info/funding-tenders/opportunities/portal/screen/opportunities/tender-details/b85b8076-1d0f-467e-8474-f8a4208c525d-EXA","https://ec.europa.eu/info/funding-tenders/opportunities/portal/screen/opportunities/calls-for-tenders","0","0","0","2026-03-11T05:57:47.931Z"
"","EU Funding & Tenders Portal","","","","","","","","","","","","","3","https://ec.europa.eu/info/funding-tenders/opportunities/portal/screen/opportunities/tender-details/b207ad6d-9590-44da-a5bf-7ccba5a7f4ed-EXA","https://ec.europa.eu/info/funding-tenders/opportunities/portal/screen/opportunities/calls-for-tenders","0","0","0","2026-03-11T05:57:47.931Z"
"","EU Funding & Tenders Portal","","","","","","","","","","","","","3","https://ec.europa.eu/info/funding-tenders/opportunities/portal/screen/opportunities/tender-details/1fa3c753-0970-4b70-8e20-4bdcc33b4ecb-PIN","https://ec.europa.eu/info/funding-tenders/opportunities/portal/screen/opportunities/calls-for-tenders","0","0","0","2026-03-11T05:57:47.931Z"
"","EU Funding & Tenders Portal","","","","","","","","","","","","","3","https://ec.europa.eu/info/funding-tenders/opportunities/portal/screen/opportunities/tender-details/fab71a3e-4077-46b6-abda-668046437393-EXA","https://ec.europa.eu/info/funding-tenders/opportunities/portal/screen/opportunities/calls-for-tenders","0","0","0","2026-03-11T05:57:47.931Z"
"","EU Funding & Tenders Portal","","","","","","","","","","","","","26","https://ec.europa.eu/info/funding-tenders/opportunities/portal/screen/opportunities/tender-details/dc8b81cd-f404-46b7-9db5-12473f179a2c-CN","https://ec.europa.eu/info/funding-tenders/opportunities/portal/screen/opportunities/calls-for-tenders","0","0","0","2026-03-11T05:57:47.931Z"
"","EU Funding & Tenders Portal","","","","","","","","","","","","","3","https://ec.europa.eu/info/funding-tenders/opportunities/portal/screen/opportunities/tender-details/6c238618-346c-4408-8fe0-c5ef9ade0ce7-EXA","https://ec.europa.eu/info/funding-tenders/opportunities/portal/screen/opportunities/calls-for-tenders","0","0","0","2026-03-11T05:57:47.931Z"
"","EU Funding & Tenders Portal","","","","","","","","","","","","","3","https://ec.europa.eu/info/funding-tenders/opportunities/portal/screen/opportunities/tender-details/1082b500-e52f-41fe-8df0-3a5e43b8fea6-EXA","https://ec.europa.eu/info/funding-tenders/opportunities/portal/screen/opportunities/calls-for-tenders","0","0","0","2026-03-11T05:57:47.931Z"
"","EU Funding & Tenders Portal","","","","","","","","","","","","","3","https://ec.europa.eu/info/funding-tenders/opportunities/portal/screen/opportunities/tender-details/1e69aec0-d9c8-4c56-8caa-136c7253ac2c-PIN","https://ec.europa.eu/info/funding-tenders/opportunities/portal/screen/opportunities/calls-for-tenders","0","0","0","2026-03-11T05:57:47.931Z"
"","EU Funding & Tenders Portal","","","","","","","","","","","","","3","https://ec.europa.eu/info/funding-tenders/opportunities/portal/screen/opportunities/tender-details/4f106ac2-144b-4eea-bb76-46aacfc01bfe-EXA","https://ec.europa.eu/info/funding-tenders/opportunities/portal/screen/opportunities/calls-for-tenders","0","0","0","2026-03-11T05:57:47.931Z"
"","EU Funding & Tenders Portal","","","","","","","","","","","","","3","https://ec.europa.eu/info/funding-tenders/opportunities/portal/screen/opportunities/tender-details/a4d47d93-9d44-4e78-b6ea-c1ab8c6a58d6-EXA","https://ec.europa.eu/info/funding-tenders/opportunities/portal/screen/opportunities/calls-for-tenders","0","0","0","2026-03-11T05:57:47.931Z"
"","EU Funding & Tenders Portal","","","","","","","","","","","","","3","https://ec.europa.eu/info/funding-tenders/opportunities/portal/screen/opportunities/tender-details/42c1f7b4-68af-4ed3-a4db-c709d6fcc756-EXA","https://ec.europa.eu/info/funding-tenders/opportunities/portal/screen/opportunities/calls-for-tenders","0","0","0","2026-03-11T05:57:47.931Z"
"","EU Funding & Tenders Portal","","","","","","","","","","","","","6","https://ec.europa.eu/info/funding-tenders/opportunities/portal/screen/opportunities/tender-details/71316f8e-c90c-424f-9b16-624f62c3d614-CN","https://ec.europa.eu/info/funding-tenders/opportunities/portal/screen/opportunities/calls-for-tenders","0","0","0","2026-03-11T05:57:47.931Z"
"","EU Funding & Tenders Portal","","","","","","","","","","","","","3","https://ec.europa.eu/info/funding-tenders/opportunities/portal/screen/opportunities/tender-details/7943f921-ce2a-478e-a79f-36c3049c70d8-EXA","https://ec.europa.eu/info/funding-tenders/opportunities/portal/screen/opportunities/calls-for-tenders","0","0","0","2026-03-11T05:57:47.931Z"
"","EU Funding & Tenders Portal","","","","","","","","","","","","","3","https://ec.europa.eu/info/funding-tenders/opportunities/portal/screen/opportunities/tender-details/b1effab1-1ef2-416c-b2b5-de26c63d4cae-EXA","https://ec.europa.eu/info/funding-tenders/opportunities/portal/screen/opportunities/calls-for-tenders","0","0","0","2026-03-11T05:57:47.931Z"
"","EU Funding & Tenders Portal","","","","","","","","","","","","","3","https://ec.europa.eu/info/funding-tenders/opportunities/portal/screen/opportunities/tender-details/6328fc0e-81e8-44fc-963a-a85ecc31a34f-EXA","https://ec.europa.eu/info/funding-tenders/opportunities/portal/screen/opportunities/calls-for-tenders","0","0","0","2026-03-11T05:57:47.931Z"
"","EU Funding & Tenders Portal","","","","","","","","","","","","","3","https://ec.europa.eu/info/funding-tenders/opportunities/portal/screen/opportunities/tender-details/50c78ec1-4da8-43f3-9e72-fcdcf674fd32-PIN","https://ec.europa.eu/info/funding-tenders/opportunities/portal/screen/opportunities/calls-for-tenders","0","0","0","2026-03-11T05:57:47.931Z"
"","EU Funding & Tenders Portal","","","","","","","","","","","","","3","https://ec.europa.eu/info/funding-tenders/opportunities/portal/screen/opportunities/tender-details/dc80449a-a51f-426d-b8e2-1cd535d46a19-EXA","https://ec.europa.eu/info/funding-tenders/opportunities/portal/screen/opportunities/calls-for-tenders","0","0","0","2026-03-11T05:57:47.931Z"
"","EU Funding & Tenders Portal","","","","","","","","","","","","","3","https://ec.europa.eu/info/funding-tenders/opportunities/portal/screen/opportunities/tender-details/c30d52fb-59cc-496f-a9e9-6267e97c0ac4-EXA","https://ec.europa.eu/info/funding-tenders/opportunities/portal/screen/opportunities/calls-for-tenders","0","0","0","2026-03-11T05:57:47.931Z"
"","EU Funding & Tenders Portal","","","","","","","","","","","","","3","https://ec.europa.eu/info/funding-tenders/opportunities/portal/screen/opportunities/tender-details/fded03b3-5817-41dd-9a83-f623fd475a09-EXA","https://ec.europa.eu/info/funding-tenders/opportunities/portal/screen/opportunities/calls-for-tenders","0","0","0","2026-03-11T05:57:47.931Z"
"","EU Funding & Tenders Portal","","","","","","","","","","","","","3","https://ec.europa.eu/info/funding-tenders/opportunities/portal/screen/opportunities/tender-details/2cd91de3-ca8d-4664-8be2-acad894d32ab-EXA","https://ec.europa.eu/info/funding-tenders/opportunities/portal/screen/opportunities/calls-for-tenders","0","0","0","2026-03-11T05:57:47.931Z"
"","EU Funding & Tenders Portal","","","","","","","","","","","","","3","https://ec.europa.eu/info/funding-tenders/opportunities/portal/screen/opportunities/tender-details/944937b3-af31-442a-9dbf-4bc7eea7fd6c-EXA","https://ec.europa.eu/info/funding-tenders/opportunities/portal/screen/opportunities/calls-for-tenders","0","0","0","2026-03-11T05:57:47.931Z"
"","EU Funding & Tenders Portal","","","","","","","","","","","","","3","https://ec.europa.eu/info/funding-tenders/opportunities/portal/screen/opportunities/tender-details/b189b35a-3b4b-4b45-8f5a-33d3fd4b6b18-EXA","https://ec.europa.eu/info/funding-tenders/opportunities/portal/screen/opportunities/calls-for-tenders","0","0","0","2026-03-11T05:57:47.931Z"
"","EU Funding & Tenders Portal","","","","","","","","","","","","","3","https://ec.europa.eu/info/funding-tenders/opportunities/portal/screen/opportunities/tender-details/3131df63-809c-463f-a89c-4fa7e1a9ed90-EXA","https://ec.europa.eu/info/funding-tenders/opportunities/portal/screen/opportunities/calls-for-tenders","0","0","0","2026-03-11T05:57:47.931Z"
"","EU Funding & Tenders Portal","","","","","","","","","","","","","3","https://ec.europa.eu/info/funding-tenders/opportunities/portal/screen/opportunities/tender-details/e5b7c38c-5757-4895-9ae0-47098fd1f618-EXA","https://ec.europa.eu/info/funding-tenders/opportunities/portal/screen/opportunities/calls-for-tenders","0","0","0","2026-03-11T05:57:47.931Z"
"","EU Funding & Tenders Portal","","","","","","","","","","","","","7","https://ec.europa.eu/info/funding-tenders/opportunities/portal/screen/opportunities/tender-details/54b848b2-bd35-4be5-bef9-f65bfd480f81-CN","https://ec.europa.eu/info/funding-tenders/opportunities/portal/screen/opportunities/calls-for-tenders","0","0","0","2026-03-11T05:57:47.931Z"
"","EU Funding & Tenders Portal","","","","","","","","","","","","","3","https://ec.europa.eu/info/funding-tenders/opportunities/portal/screen/opportunities/tender-details/8af405ad-ab3a-4b12-a806-8ea4132f63e4-PIN","https://ec.europa.eu/info/funding-tenders/opportunities/portal/screen/opportunities/calls-for-tenders","0","0","0","2026-03-11T05:57:47.931Z"
"","EU Funding & Tenders Portal","","","","","","","","","","","","","3","https://ec.europa.eu/info/funding-tenders/opportunities/portal/screen/opportunities/tender-details/47410acb-5cbc-47a3-9fe0-27c022a16b59-EXA","https://ec.europa.eu/info/funding-tenders/opportunities/portal/screen/opportunities/calls-for-tenders","0","0","0","2026-03-11T05:57:47.931Z"
"","EU Funding & Tenders Portal","","","","","","","","","","","","","3","https://ec.europa.eu/info/funding-tenders/opportunities/portal/screen/opportunities/tender-details/9dfa0d37-c327-4cd2-b033-1bc6e648cd98-EXA","https://ec.europa.eu/info/funding-tenders/opportunities/portal/screen/opportunities/calls-for-tenders","0","0","0","2026-03-11T05:57:47.931Z"
"","EU Funding & Tenders Portal","","","","","","","","","","","","","3","https://ec.europa.eu/info/funding-tenders/opportunities/portal/screen/opportunities/tender-details/b80b1785-6d72-4226-a05a-e741741bec10-EXA","https://ec.europa.eu/info/funding-tenders/opportunities/portal/screen/opportunities/calls-for-tenders","0","0","0","2026-03-11T05:57:47.931Z"
"","EU Funding & Tenders Portal","","","","","","","","","","","","","3","https://ec.europa.eu/info/funding-tenders/opportunities/portal/screen/opportunities/tender-details/4af7c890-76f2-4284-85ed-74dea471a71a-EXA","https://ec.europa.eu/info/funding-tenders/opportunities/portal/screen/opportunities/calls-for-tenders","0","0","0","2026-03-11T05:57:47.931Z"
"","EU Funding & Tenders Portal","","","","","","","","","","","","","3","https://ec.europa.eu/info/funding-tenders/opportunities/portal/screen/opportunities/tender-details/7e48add1-ccea-45e1-b020-3d135ce441ca-EXA","https://ec.europa.eu/info/funding-tenders/opportunities/portal/screen/opportunities/calls-for-tenders","0","0","0","2026-03-11T05:57:47.931Z"
"","EU Funding & Tenders Portal","","","","","","","","","","","","","4","https://ec.europa.eu/info/funding-tenders/opportunities/portal/screen/opportunities/tender-details/9b38a0af-82f0-44e0-bccc-a5cc7bbc5f01-EXA","https://ec.europa.eu/info/funding-tenders/opportunities/portal/screen/opportunities/calls-for-tenders","0","0","0","2026-03-11T05:57:47.931Z"
"","EU Funding & Tenders Portal","","","","","","","","","","","","","3","https://ec.europa.eu/info/funding-tenders/opportunities/portal/screen/opportunities/tender-details/9ca296e7-066a-4f3a-9a8a-c6efdf67d898-PIN","https://ec.europa.eu/info/funding-tenders/opportunities/portal/screen/opportunities/calls-for-tenders","0","0","0","2026-03-11T05:57:47.931Z"
"","EU Funding & Tenders Portal","","","","","","","","","","","","","3","https://ec.europa.eu/info/funding-tenders/opportunities/portal/screen/opportunities/tender-details/a5643b04-a7eb-4bad-941c-5f67894c0d2a-PIN","https://ec.europa.eu/info/funding-tenders/opportunities/portal/screen/opportunities/calls-for-tenders","0","0","0","2026-03-11T05:57:47.931Z"
"","EU Funding & Tenders Portal","","","","","","","","","","","","","3","https://ec.europa.eu/info/funding-tenders/opportunities/portal/screen/opportunities/tender-details/229ea6a8-d718-4330-9740-1ad558c0da49-EXA","https://ec.europa.eu/info/funding-tenders/opportunities/portal/screen/opportunities/calls-for-tenders","0","0","0","2026-03-11T05:57:47.931Z"
"","EU Funding & Tenders Portal","","","","","","","","","","","","","3","https://ec.europa.eu/info/funding-tenders/opportunities/portal/screen/opportunities/tender-details/fded05a8-5e2e-4b6d-af99-10380cb4e7f6-EXA","https://ec.europa.eu/info/funding-tenders/opportunities/portal/screen/opportunities/calls-for-tenders","0","0","0","2026-03-11T05:57:47.931Z"
"","EU Funding & Tenders Portal","","","","","","","","","","","","","3","https://ec.europa.eu/info/funding-tenders/opportunities/portal/screen/opportunities/tender-details/8099c412-30e6-4993-8a5e-8c1edba997a7-EXA","https://ec.europa.eu/info/funding-tenders/opportunities/portal/screen/opportunities/calls-for-tenders","0","0","0","2026-03-11T05:57:47.931Z"
"","EU Funding & Tenders Portal","","","","","","","","","","","","","3","https://ec.europa.eu/info/funding-tenders/opportunities/portal/screen/opportunities/tender-details/14bb5c8a-dfaa-4ca6-b149-98b9ae2a0819-PIN","https://ec.europa.eu/info/funding-tenders/opportunities/portal/screen/opportunities/calls-for-tenders","0","0","0","2026-03-11T05:57:47.931Z"
"","EU Funding & Tenders Portal","","","","","","","","","","","","","3","https://ec.europa.eu/info/funding-tenders/opportunities/portal/screen/opportunities/tender-details/331785d1-6a7f-40ae-a237-1909d0f5610d-PIN","https://ec.europa.eu/info/funding-tenders/opportunities/portal/screen/opportunities/calls-for-tenders","0","0","0","2026-03-11T05:57:47.931Z"
"","EU Funding & Tenders Portal","","","","","","","","","","","","","3","https://ec.europa.eu/info/funding-tenders/opportunities/portal/screen/opportunities/tender-details/3696bbc6-7f3f-4031-a735-3cc98a798832-PIN","https://ec.europa.eu/info/funding-tenders/opportunities/portal/screen/opportunities/calls-for-tenders","0","0","0","2026-03-11T05:57:47.931Z"
"","EU Funding & Tenders Portal","","","","","","","","","","","","","4","https://ec.europa.eu/info/funding-tenders/opportunities/portal/screen/opportunities/tender-details/5a87f686-dd5c-4696-b64d-64da349c3c33-CN","https://ec.europa.eu/info/funding-tenders/opportunities/portal/screen/opportunities/calls-for-tenders","0","0","0","2026-03-11T05:57:47.931Z"
"","EU Funding & Tenders Portal","","","","","","","","","","","","","3","https://ec.europa.eu/info/funding-tenders/opportunities/portal/screen/opportunities/tender-details/f6325b7d-8cf2-4591-8de9-7ee3a75e3969-EXA","https://ec.europa.eu/info/funding-tenders/opportunities/portal/screen/opportunities/calls-for-tenders","0","0","0","2026-03-11T05:57:47.931Z"
"","EU Funding & Tenders Portal","","","","","","","","","","","","","7","https://ec.europa.eu/info/funding-tenders/opportunities/portal/screen/opportunities/tender-details/3d669177-36e1-48f0-90c9-0c8f5fcd87f4-CN","https://ec.europa.eu/info/funding-tenders/opportunities/portal/screen/opportunities/calls-for-tenders","0","0","0","2026-03-11T05:57:47.931Z"
"","EU Funding & Tenders Portal","","","","","","","","","","","","","7","https://ec.europa.eu/info/funding-tenders/opportunities/portal/screen/opportunities/tender-details/a41e0c08-c253-4f77-a55b-b5fb2cf6e263-CN","https://ec.europa.eu/info/funding-tenders/opportunities/portal/screen/opportunities/calls-for-tenders","0","0","0","2026-03-11T05:57:47.931Z"
"","EU Funding & Tenders Portal","","","","","","","","","","","","","3","https://ec.europa.eu/info/funding-tenders/opportunities/portal/screen/opportunities/tender-details/9b1e8de5-7e02-4c88-b23b-20dcccab46c2-EXA","https://ec.europa.eu/info/funding-tenders/opportunities/portal/screen/opportunities/calls-for-tenders","0","0","0","2026-03-11T05:57:47.931Z"
"","EU Funding & Tenders Portal","","","","","","","","","","","","","3","https://ec.europa.eu/info/funding-tenders/opportunities/portal/screen/opportunities/tender-details/3ed44c43-5e9f-4f83-b499-4c9d19cd32e2-EXA","https://ec.europa.eu/info/funding-tenders/opportunities/portal/screen/opportunities/calls-for-tenders","0","0","0","2026-03-11T05:57:47.931Z"
"","EU Funding & Tenders Portal","","","","","","","","","","","","","4","https://ec.europa.eu/info/funding-tenders/opportunities/portal/screen/opportunities/tender-details/45e9217d-faca-4482-9dd1-fd658ce46d53-CN","https://ec.europa.eu/info/funding-tenders/opportunities/portal/screen/opportunities/calls-for-tenders","0","0","0","2026-03-11T05:57:47.931Z"
"","EU Funding & Tenders Portal","","","","","","","","","","","","","3","https://ec.europa.eu/info/funding-tenders/opportunities/portal/screen/opportunities/tender-details/4070966f-b86c-42a8-9b78-9ecb8d2918eb-EXA","https://ec.europa.eu/info/funding-tenders/opportunities/portal/screen/opportunities/calls-for-tenders","0","0","0","2026-03-11T05:57:47.931Z"
"","EU Funding & Tenders Portal","","","","","","","","","","","","","3","https://ec.europa.eu/info/funding-tenders/opportunities/portal/screen/opportunities/tender-details/728ce0b8-2f49-434b-8972-debd3f7fba1c-EXA","https://ec.europa.eu/info/funding-tenders/opportunities/portal/screen/opportunities/calls-for-tenders","0","0","0","2026-03-11T05:57:47.931Z"
"","EU Funding & Tenders Portal","","","","","","","","","","","","","3","https://ec.europa.eu/info/funding-tenders/opportunities/portal/screen/opportunities/tender-details/6c23cafd-d997-4485-89f6-9b88ad450be5-PIN","https://ec.europa.eu/info/funding-tenders/opportunities/portal/screen/opportunities/calls-for-tenders","0","0","0","2026-03-11T05:57:47.931Z"
"","EU Funding & Tenders Portal","","","","","","","","","","","","","3","https://ec.europa.eu/info/funding-tenders/opportunities/portal/screen/opportunities/tender-details/da644aab-ed10-45d7-96f0-1d0a7a090867-EXA","https://ec.europa.eu/info/funding-tenders/opportunities/portal/screen/opportunities/calls-for-tenders","0","0","0","2026-03-11T05:57:47.931Z"
"","EU Funding & Tenders Portal","","","","","","","","","","","","","3","https://ec.europa.eu/info/funding-tenders/opportunities/portal/screen/opportunities/tender-details/49e9c474-78eb-4fa7-98f2-e12951f69463-EXA","https://ec.europa.eu/info/funding-tenders/opportunities/portal/screen/opportunities/calls-for-tenders","0","0","0","2026-03-11T05:57:47.931Z"
"","EU Funding & Tenders Portal","","","","","","","","","","","","","3","https://ec.europa.eu/info/funding-tenders/opportunities/portal/screen/opportunities/tender-details/9d5c1cbd-3dda-4e14-9041-12190480e3f3-EXA","https://ec.europa.eu/info/funding-tenders/opportunities/portal/screen/opportunities/calls-for-tenders","0","0","0","2026-03-11T05:57:47.931Z"
"","EU Funding & Tenders Portal","","","","","","","","","","","","","3","https://ec.europa.eu/info/funding-tenders/opportunities/portal/screen/opportunities/tender-details/08a2200d-d144-484f-9429-badbfc866e3e-EXA","https://ec.europa.eu/info/funding-tenders/opportunities/portal/screen/opportunities/calls-for-tenders","0","0","0","2026-03-11T05:57:47.931Z"
"","EU Funding & Tenders Portal","","","","","","","","","","","","","3","https://ec.europa.eu/info/funding-tenders/opportunities/portal/screen/opportunities/tender-details/826b2f84-05ce-4e13-bb2b-88717912d420-EXA","https://ec.europa.eu/info/funding-tenders/opportunities/portal/screen/opportunities/calls-for-tenders","0","0","0","2026-03-11T05:57:47.931Z"
"","EU Funding & Tenders Portal","","","","","","","","","","","","","3","https://ec.europa.eu/info/funding-tenders/opportunities/portal/screen/opportunities/tender-details/f40a67a0-179a-4f44-91d8-8b153c4ac9ca-PIN","https://ec.europa.eu/info/funding-tenders/opportunities/portal/screen/opportunities/calls-for-tenders","0","0","0","2026-03-11T05:57:47.931Z"
"","EU Funding & Tenders Portal","","","","","","","","","","","","","3","https://ec.europa.eu/info/funding-tenders/opportunities/portal/screen/opportunities/tender-details/ea2f3ee7-9e5b-4b20-aa23-dbd32557aef0-EXA","https://ec.europa.eu/info/funding-tenders/opportunities/portal/screen/opportunities/calls-for-tenders","0","0","0","2026-03-11T05:57:47.931Z"
"","EU Funding & Tenders Portal","","","","","","","","","","","","","3","https://ec.europa.eu/info/funding-tenders/opportunities/portal/screen/opportunities/tender-details/b9e5a8f2-69a3-4c37-bb02-c25f4d59ba26-EXA","https://ec.europa.eu/info/funding-tenders/opportunities/portal/screen/opportunities/calls-for-tenders","0","0","0","2026-03-11T05:57:47.931Z"
"","EU Funding & Tenders Portal","","","","","","","","","","","","","3","https://ec.europa.eu/info/funding-tenders/opportunities/portal/screen/opportunities/tender-details/b0bd80fc-b000-4211-ad3f-0db624ad144a-EXA","https://ec.europa.eu/info/funding-tenders/opportunities/portal/screen/opportunities/calls-for-tenders","0","0","0","2026-03-11T05:57:47.931Z"
"","EU Funding & Tenders Portal","","","","","","","","","","","","","3","https://ec.europa.eu/info/funding-tenders/opportunities/portal/screen/opportunities/tender-details/c8bce104-49a1-46e3-b2ec-740ae667517d-EXA","https://ec.europa.eu/info/funding-tenders/opportunities/portal/screen/opportunities/calls-for-tenders","0","0","0","2026-03-11T05:57:47.931Z"
"","EU Funding & Tenders Portal","","","","","","","","","","","","","8","https://ec.europa.eu/info/funding-tenders/opportunities/portal/screen/opportunities/tender-details/32848f93-f64f-483a-b41f-30d4123c8685-CN","https://ec.europa.eu/info/funding-tenders/opportunities/portal/screen/opportunities/calls-for-tenders","0","0","0","2026-03-11T05:57:47.931Z"
"","EU Funding & Tenders Portal","","","","","","","","","","","","","3","https://ec.europa.eu/info/funding-tenders/opportunities/portal/screen/opportunities/tender-details/677ade2a-7e4b-4337-8313-89264b4f2fe6-PIN","https://ec.europa.eu/info/funding-tenders/opportunities/portal/screen/opportunities/calls-for-tenders","0","0","0","2026-03-11T05:57:47.931Z"
"","EU Funding & Tenders Portal","","","","","","","","","","","","","3","https://ec.europa.eu/info/funding-tenders/opportunities/portal/screen/opportunities/tender-details/8bbdc6d3-7b02-43d8-a9c5-bf7ec960a7fb-EXA","https://ec.europa.eu/info/funding-tenders/opportunities/portal/screen/opportunities/calls-for-tenders","0","0","0","2026-03-11T05:57:47.931Z"
"","EU Funding & Tenders Portal","","","","","","","","","","","","","3","https://ec.europa.eu/info/funding-tenders/opportunities/portal/screen/opportunities/tender-details/9692ac88-af96-4a64-9a0f-092c534222e6-EXA","https://ec.europa.eu/info/funding-tenders/opportunities/portal/screen/opportunities/calls-for-tenders","0","0","0","2026-03-11T05:57:47.931Z"
"","EU Funding & Tenders Portal","","","","","","","","","","","","","3","https://ec.europa.eu/info/funding-tenders/opportunities/portal/screen/opportunities/tender-details/5a9ec743-fc0d-4c19-a3a4-c62f7634215d-PIN","https://ec.europa.eu/info/funding-tenders/opportunities/portal/screen/opportunities/calls-for-tenders","0","0","0","2026-03-11T05:57:47.931Z"
"","EU Funding & Tenders Portal","","","","","","","","","","","","","3","https://ec.europa.eu/info/funding-tenders/opportunities/portal/screen/opportunities/tender-details/e6c56f5e-7096-484b-bb47-d0002b92bd4b-EXA","https://ec.europa.eu/info/funding-tenders/opportunities/portal/screen/opportunities/calls-for-tenders","0","0","0","2026-03-11T05:57:47.931Z"
"","EU Funding & Tenders Portal","","","","","","","","","","","","","3","https://ec.europa.eu/info/funding-tenders/opportunities/portal/screen/opportunities/tender-details/da2236e8-c960-4f99-abc1-4c5db3d1a703-EXA","https://ec.europa.eu/info/funding-tenders/opportunities/portal/screen/opportunities/calls-for-tenders","0","0","0","2026-03-11T05:57:47.931Z"
"","EU Funding & Tenders Portal","","","","","","","","","","","","","3","https://ec.europa.eu/info/funding-tenders/opportunities/portal/screen/opportunities/tender-details/e268bf13-4032-441f-a14e-8451ce8407a0-EXA","https://ec.europa.eu/info/funding-tenders/opportunities/portal/screen/opportunities/calls-for-tenders","0","0","0","2026-03-11T05:57:47.931Z"
"","EU Funding & Tenders Portal","","","","","","","","","","","","","3","https://ec.europa.eu/info/funding-tenders/opportunities/portal/screen/opportunities/tender-details/42db839e-df5a-44a0-8801-bf4d8b6e5fc4-EXA","https://ec.europa.eu/info/funding-tenders/opportunities/portal/screen/opportunities/calls-for-tenders","0","0","0","2026-03-11T05:57:47.931Z"
"","EU Funding & Tenders Portal","","","","","","","","","","","","","3","https://ec.europa.eu/info/funding-tenders/opportunities/portal/screen/opportunities/tender-details/259be025-fc47-47ba-8fad-30b06fe5011e-EXA","https://ec.europa.eu/info/funding-tenders/opportunities/portal/screen/opportunities/calls-for-tenders","0","0","0","2026-03-11T05:57:47.931Z"
"","EU Funding & Tenders Portal","","","","","","","","","","","","","4","https://ec.europa.eu/info/funding-tenders/opportunities/portal/screen/opportunities/tender-details/89ee770e-c530-4ddc-bb2e-17afde2ed5e3-PIN","https://ec.europa.eu/info/funding-tenders/opportunities/portal/screen/opportunities/calls-for-tenders","0","0","0","2026-03-11T05:57:47.931Z"
"","EU Funding & Tenders Portal","","","","","","","","","","","","","3","https://ec.europa.eu/info/funding-tenders/opportunities/portal/screen/opportunities/tender-details/f42f1ccb-5404-43a7-aefe-e51a1cb54c46-EXA","https://ec.europa.eu/info/funding-tenders/opportunities/portal/screen/opportunities/calls-for-tenders","0","0","0","2026-03-11T05:57:47.931Z"
"","EU Funding & Tenders Portal","","","","","","","","","","","","","3","https://ec.europa.eu/info/funding-tenders/opportunities/portal/screen/opportunities/tender-details/e1de7291-9a74-404d-9762-8600c16db6c3-EXA","https://ec.europa.eu/info/funding-tenders/opportunities/portal/screen/opportunities/calls-for-tenders","0","0","0","2026-03-11T05:57:47.931Z"
"","EU Funding & Tenders Portal","","","","","","","","","","","","","6","https://ec.europa.eu/info/funding-tenders/opportunities/portal/screen/opportunities/tender-details/41c09569-81b1-45f5-9ba1-a648920c845c-CN","https://ec.europa.eu/info/funding-tenders/opportunities/portal/screen/opportunities/calls-for-tenders","0","0","0","2026-03-11T05:57:47.931Z"
"","EU Funding & Tenders Portal","","","","","","","","","","","","","3","https://ec.europa.eu/info/funding-tenders/opportunities/portal/screen/opportunities/tender-details/ad339bc3-c357-43bd-bc46-5620b537f445-EXA","https://ec.europa.eu/info/funding-tenders/opportunities/portal/screen/opportunities/calls-for-tenders","0","0","0","2026-03-11T05:57:47.931Z"
"","EU Funding & Tenders Portal","","","","","","","","","","","","","3","https://ec.europa.eu/info/funding-tenders/opportunities/portal/screen/opportunities/tender-details/19cd421b-e0dc-4ab7-bb73-5e3da25d5e14-EXA","https://ec.europa.eu/info/funding-tenders/opportunities/portal/screen/opportunities/calls-for-tenders","0","0","0","2026-03-11T05:57:47.931Z"
"","EU Funding & Tenders Portal","","","","","","","","","","","","","3","https://ec.europa.eu/info/funding-tenders/opportunities/portal/screen/opportunities/tender-details/90c6b8d0-6882-4f95-9518-1c72c9aeae89-EXA","https://ec.europa.eu/info/funding-tenders/opportunities/portal/screen/opportunities/calls-for-tenders","0","0","0","2026-03-11T05:57:47.931Z"
"","EU Funding & Tenders Portal","","","","","","","","","","","","","7","https://ec.europa.eu/info/funding-tenders/opportunities/portal/screen/opportunities/tender-details/6f588ea6-cac2-42e5-b78c-cfbac91793d6-CN","https://ec.europa.eu/info/funding-tenders/opportunities/portal/screen/opportunities/calls-for-tenders","0","0","0","2026-03-11T05:57:47.931Z"
"","EU Funding & Tenders Portal","","","","","","","","","","","","","3","https://ec.europa.eu/info/funding-tenders/opportunities/portal/screen/opportunities/tender-details/fbbea1db-f251-41de-a4db-8c2c9e16b2ae-CN","https://ec.europa.eu/info/funding-tenders/opportunities/portal/screen/opportunities/calls-for-tenders","0","0","0","2026-03-11T05:57:47.931Z"
"","EU Funding & Tenders Portal","","","","","","","","","","","","","4","https://ec.europa.eu/info/funding-tenders/opportunities/portal/screen/opportunities/tender-details/8204c3a9-0dcc-4104-9bb8-87659cedeb16-CN","https://ec.europa.eu/info/funding-tenders/opportunities/portal/screen/opportunities/calls-for-tenders","0","0","0","2026-03-11T05:57:47.931Z"
"","EU Funding & Tenders Portal","","","","","","","","","","","","","3","https://ec.europa.eu/info/funding-tenders/opportunities/portal/screen/opportunities/tender-details/3bbba72d-9117-4558-bdcd-fc8a0c76af18-CN","https://ec.europa.eu/info/funding-tenders/opportunities/portal/screen/opportunities/calls-for-tenders","0","0","0","2026-03-11T05:57:47.931Z"
"","EU Funding & Tenders Portal","","","","","","","","","","","","","3","https://ec.europa.eu/info/funding-tenders/opportunities/portal/screen/opportunities/tender-details/bca2929c-1b9d-44b4-9762-aa34a4689a26-EXA","https://ec.europa.eu/info/funding-tenders/opportunities/portal/screen/opportunities/calls-for-tenders","0","0","0","2026-03-11T05:57:47.931Z"
"","EU Funding & Tenders Portal","","","","","","","","","","","","","4","https://ec.europa.eu/info/funding-tenders/opportunities/portal/screen/opportunities/tender-details/2790a666-c306-43b9-a25a-8050520f5f1b-CN","https://ec.europa.eu/info/funding-tenders/opportunities/portal/screen/opportunities/calls-for-tenders","0","0","0","2026-03-11T05:57:47.931Z"
"","EU Funding & Tenders Portal","","","","","","","","","","","","","3","https://ec.europa.eu/info/funding-tenders/opportunities/portal/screen/opportunities/tender-details/1c099fc0-5b8d-4e6f-aae7-f37a13349689-PIN","https://ec.europa.eu/info/funding-tenders/opportunities/portal/screen/opportunities/calls-for-tenders","0","0","0","2026-03-11T05:57:47.931Z"
"","EU Funding & Tenders Portal","","","","","","","","","","","","","3","https://ec.europa.eu/info/funding-tenders/opportunities/portal/screen/opportunities/tender-details/29927c67-8922-40d3-962c-52233f21c06e-EXA","https://ec.europa.eu/info/funding-tenders/opportunities/portal/screen/opportunities/calls-for-tenders","0","0","0","2026-03-11T05:57:47.931Z"
"","EU Funding & Tenders Portal","","","","","","","","","","","","","3","https://ec.europa.eu/info/funding-tenders/opportunities/portal/screen/opportunities/tender-details/b2e65902-5055-43fa-8972-a32732acd384-PIN","https://ec.europa.eu/info/funding-tenders/opportunities/portal/screen/opportunities/calls-for-tenders","0","0","0","2026-03-11T05:57:47.931Z"
"","EU Funding & Tenders Portal","","","","","","","","","","","","","16","https://ec.europa.eu/info/funding-tenders/opportunities/portal/screen/opportunities/tender-details/c1a918fa-3f7b-4a88-824c-25321f147e49-CN","https://ec.europa.eu/info/funding-tenders/opportunities/portal/screen/opportunities/calls-for-tenders","0","0","0","2026-03-11T05:57:47.931Z"
"","EU Funding & Tenders Portal","","","","","","","","","","","","","3","https://ec.europa.eu/info/funding-tenders/opportunities/portal/screen/opportunities/tender-details/faa1c25c-96c2-436a-ab58-bc3bc4108770-EXA","https://ec.europa.eu/info/funding-tenders/opportunities/portal/screen/opportunities/calls-for-tenders","0","0","0","2026-03-11T05:57:47.931Z"
"","EU Funding & Tenders Portal","","","","","","","","","","","","","3","https://ec.europa.eu/info/funding-tenders/opportunities/portal/screen/opportunities/tender-details/871f15c1-4314-47d7-bca9-cc0eff25ac55-PIN","https://ec.europa.eu/info/funding-tenders/opportunities/portal/screen/opportunities/calls-for-tenders","0","0","0","2026-03-11T05:57:47.931Z"
"","EU Funding & Tenders Portal","","","","","","","","","","","","","4","https://ec.europa.eu/info/funding-tenders/opportunities/portal/screen/opportunities/tender-details/9bfc9f96-017f-409e-9080-86d6d38a7277-EXA","https://ec.europa.eu/info/funding-tenders/opportunities/portal/screen/opportunities/calls-for-tenders","0","0","0","2026-03-11T05:57:47.931Z"
"","EU Funding & Tenders Portal","","","","","","","","","","","","","3","https://ec.europa.eu/info/funding-tenders/opportunities/portal/screen/opportunities/tender-details/05a59b6a-0009-44ec-bc51-e3cb4a648762-EXA","https://ec.europa.eu/info/funding-tenders/opportunities/portal/screen/opportunities/calls-for-tenders","0","0","0","2026-03-11T05:57:47.931Z"
"","EU Funding & Tenders Portal","","","","","","","","","","","","","3","https://ec.europa.eu/info/funding-tenders/opportunities/portal/screen/opportunities/tender-details/263c8c5f-774b-4c28-b945-610ec4ca74ec-EXA","https://ec.europa.eu/info/funding-tenders/opportunities/portal/screen/opportunities/calls-for-tenders","0","0","0","2026-03-11T05:57:47.931Z"
"","EU Funding & Tenders Portal","","","","","","","","","","","","","3","https://ec.europa.eu/info/funding-tenders/opportunities/portal/screen/opportunities/tender-details/b1e99b2f-955e-4d9a-af42-c7e530a7c72b-EXA","https://ec.europa.eu/info/funding-tenders/opportunities/portal/screen/opportunities/calls-for-tenders","0","0","0","2026-03-11T05:57:47.931Z"
"","EU Funding & Tenders Portal","","","","","","","","","","","","","3","https://ec.europa.eu/info/funding-tenders/opportunities/portal/screen/opportunities/tender-details/6e5e7762-f273-403a-8b05-fd7819563215-EXA","https://ec.europa.eu/info/funding-tenders/opportunities/portal/screen/opportunities/calls-for-tenders","0","0","0","2026-03-11T05:57:47.931Z"
"","EU Funding & Tenders Portal","","","","","","","","","","","","","3","https://ec.europa.eu/info/funding-tenders/opportunities/portal/screen/opportunities/tender-details/14bab356-26af-49ed-a415-3182279abf09-PIN","https://ec.europa.eu/info/funding-tenders/opportunities/portal/screen/opportunities/calls-for-tenders","0","0","0","2026-03-11T05:57:47.931Z"
"","EU Funding & Tenders Portal","","","","","","","","","","","","","3","https://ec.europa.eu/info/funding-tenders/opportunities/portal/screen/opportunities/tender-details/84cd9f4b-4af6-4170-9b8c-83c821b45bf9-PIN","https://ec.europa.eu/info/funding-tenders/opportunities/portal/screen/opportunities/calls-for-tenders","0","0","0","2026-03-11T05:57:47.931Z"
"","EU Funding & Tenders Portal","","","","","","","","","","","","","4","https://ec.europa.eu/info/funding-tenders/opportunities/portal/screen/opportunities/tender-details/fcb53d61-2e10-46f1-9180-ab32af405cc2-CN","https://ec.europa.eu/info/funding-tenders/opportunities/portal/screen/opportunities/calls-for-tenders","0","0","0","2026-03-11T05:57:47.931Z"
"","EU Funding & Tenders Portal","","","","","","","","","","","","","9","https://ec.europa.eu/info/funding-tenders/opportunities/portal/screen/opportunities/tender-details/cd8e71ec-6b2d-489f-8e6a-61eaef58d9f6-CN","https://ec.europa.eu/info/funding-tenders/opportunities/portal/screen/opportunities/calls-for-tenders","0","0","0","2026-03-11T05:57:47.931Z"
"","EU Funding & Tenders Portal","","","","","","","","","","","","","4","https://ec.europa.eu/info/funding-tenders/opportunities/portal/screen/opportunities/tender-details/60f7462d-88cf-42fa-abd2-ba9bd2f5cab9-CN","https://ec.europa.eu/info/funding-tenders/opportunities/portal/screen/opportunities/calls-for-tenders","0","0","0","2026-03-11T05:57:47.931Z"
"","EU Funding & Tenders Portal","","","","","","","","","","","","","3","https://ec.europa.eu/info/funding-tenders/opportunities/portal/screen/opportunities/tender-details/3306296d-e1f6-4ce7-9936-dc98258f33b1-EXA","https://ec.europa.eu/info/funding-tenders/opportunities/portal/screen/opportunities/calls-for-tenders","0","0","0","2026-03-11T05:57:47.931Z"
"","EU Funding & Tenders Portal","","","","","","","","","","","","","3","https://ec.europa.eu/info/funding-tenders/opportunities/portal/screen/opportunities/tender-details/a4212d76-1dca-42cd-9baf-01f5c1fb198a-EXA","https://ec.europa.eu/info/funding-tenders/opportunities/portal/screen/opportunities/calls-for-tenders","0","0","0","2026-03-11T05:57:47.931Z"
"","EU Funding & Tenders Portal","","","","","","","","","","","","","4","https://ec.europa.eu/info/funding-tenders/opportunities/portal/screen/opportunities/tender-details/8f39fbaa-ed92-4f7a-a36e-c862147e499c-CN","https://ec.europa.eu/info/funding-tenders/opportunities/portal/screen/opportunities/calls-for-tenders","0","0","0","2026-03-11T05:57:47.931Z"
"","EU Funding & Tenders Portal","","","","","","","","","","","","","3","https://ec.europa.eu/info/funding-tenders/opportunities/portal/screen/opportunities/tender-details/8204c3a9-0dcc-4104-9bb8-87659cedeb16-PIN","https://ec.europa.eu/info/funding-tenders/opportunities/portal/screen/opportunities/calls-for-tenders","0","0","0","2026-03-11T05:57:47.931Z"
"","EU Funding & Tenders Portal","","","","","","","","","","","","","4","https://ec.europa.eu/info/funding-tenders/opportunities/portal/screen/opportunities/tender-details/b0d89fcf-a333-4b34-a43e-4a627add1aa5-CN","https://ec.europa.eu/info/funding-tenders/opportunities/portal/screen/opportunities/calls-for-tenders","0","0","0","2026-03-11T05:57:47.931Z"
"","EU Funding & Tenders Portal","","","","","","","","","","","","","3","https://ec.europa.eu/info/funding-tenders/opportunities/portal/screen/opportunities/tender-details/c9139d6d-4006-49fb-bd6d-18ea5a9e6341-EXA","https://ec.europa.eu/info/funding-tenders/opportunities/portal/screen/opportunities/calls-for-tenders","0","0","0","2026-03-11T05:57:47.931Z"
"","EU Funding & Tenders Portal","","","","","","","","","","","","","9","https://ec.europa.eu/info/funding-tenders/opportunities/portal/screen/opportunities/tender-details/b83af5be-77d0-4312-b4ae-d495269a4dc3-CN","https://ec.europa.eu/info/funding-tenders/opportunities/portal/screen/opportunities/calls-for-tenders","0","0","0","2026-03-11T05:57:47.931Z"
"","EU Funding & Tenders Portal","","","","","","","","","","","","","3","https://ec.europa.eu/info/funding-tenders/opportunities/portal/screen/opportunities/tender-details/8f7189b5-3902-4a87-9c9c-48cb1ade747d-PIN","https://ec.europa.eu/info/funding-tenders/opportunities/portal/screen/opportunities/calls-for-tenders","0","0","0","2026-03-11T05:57:47.931Z"
"","EU Funding & Tenders Portal","","","","","","","","","","","","","3","https://ec.europa.eu/info/funding-tenders/opportunities/portal/screen/opportunities/tender-details/e547e494-6e50-4a89-b41a-ec6b7d93c4d3-PIN","https://ec.europa.eu/info/funding-tenders/opportunities/portal/screen/opportunities/calls-for-tenders","0","0","0","2026-03-11T05:57:47.931Z"
"","EU Funding & Tenders Portal","","","","","","","","","","","","","6","https://ec.europa.eu/info/funding-tenders/opportunities/portal/screen/opportunities/tender-details/736d1446-1779-45dd-9fa5-eb50add37e4c-CN","https://ec.europa.eu/info/funding-tenders/opportunities/portal/screen/opportunities/calls-for-tenders","0","0","0","2026-03-11T05:57:47.931Z"
"","EU Funding & Tenders Portal","","","","","","","","","","","","","3","https://ec.europa.eu/info/funding-tenders/opportunities/portal/screen/opportunities/tender-details/b7e13a4e-f6e5-4dd9-aff7-0b47937ad71e-PIN","https://ec.europa.eu/info/funding-tenders/opportunities/portal/screen/opportunities/calls-for-tenders","0","0","0","2026-03-11T05:57:47.931Z"
"","EU Funding & Tenders Portal","","","","","","","","","","","","","4","https://ec.europa.eu/info/funding-tenders/opportunities/portal/screen/opportunities/tender-details/d7291338-7127-452c-82cc-bc7c275d3b5c-PIN","https://ec.europa.eu/info/funding-tenders/opportunities/portal/screen/opportunities/calls-for-tenders","0","0","0","2026-03-11T05:57:47.931Z"
"","EU Funding & Tenders Portal","","","","","","","","","","","","","4","https://ec.europa.eu/info/funding-tenders/opportunities/portal/screen/opportunities/tender-details/379eddc5-83f6-4a0d-8d61-579c30a7561c-CN","https://ec.europa.eu/info/funding-tenders/opportunities/portal/screen/opportunities/calls-for-tenders","0","0","0","2026-03-11T05:57:47.931Z"
"","EU Funding & Tenders Portal","","","","","","","","","","","","","3","https://ec.europa.eu/info/funding-tenders/opportunities/portal/screen/opportunities/tender-details/bb711a5f-839f-4bc1-8881-50a4ce05cadb-PIN","https://ec.europa.eu/info/funding-tenders/opportunities/portal/screen/opportunities/calls-for-tenders","0","0","0","2026-03-11T05:57:47.931Z"
"","EU Funding & Tenders Portal","","","","","","","","","","","","","10","https://ec.europa.eu/info/funding-tenders/opportunities/portal/screen/opportunities/tender-details/c4fe939b-1b59-456e-9a28-3c3d3c283bf5-PIN","https://ec.europa.eu/info/funding-tenders/opportunities/portal/screen/opportunities/calls-for-tenders","0","0","0","2026-03-11T05:57:47.931Z"
"","EU Funding & Tenders Portal","","","","","","","","","","","","","11","https://ec.europa.eu/info/funding-tenders/opportunities/portal/screen/opportunities/tender-details/c395b8cf-091b-43f6-bedb-4b107e09517b-CN","https://ec.europa.eu/info/funding-tenders/opportunities/portal/screen/opportunities/calls-for-tenders","0","0","0","2026-03-11T05:57:47.931Z"
"","EU Funding & Tenders Portal","","","","","","","","","","","","","3","https://ec.europa.eu/info/funding-tenders/opportunities/portal/screen/opportunities/tender-details/3b2d50a8-7168-47e4-900e-b658aebbc39b-EXA","https://ec.europa.eu/info/funding-tenders/opportunities/portal/screen/opportunities/calls-for-tenders","0","0","0","2026-03-11T05:57:47.931Z"
"","EU Funding & Tenders Portal","","","","","","","","","","","","","3","https://ec.europa.eu/info/funding-tenders/opportunities/portal/screen/opportunities/tender-details/7016bc85-8519-4ac8-9731-438c4e3840b7-EXA","https://ec.europa.eu/info/funding-tenders/opportunities/portal/screen/opportunities/calls-for-tenders","0","0","0","2026-03-11T05:57:47.931Z"
"","EU Funding & Tenders Portal","","","","","","","","","","","","","3","https://ec.europa.eu/info/funding-tenders/opportunities/portal/screen/opportunities/tender-details/fff4df92-c51c-46bb-bc98-2a2f52dd02e0-PIN","https://ec.europa.eu/info/funding-tenders/opportunities/portal/screen/opportunities/calls-for-tenders","0","0","0","2026-03-11T05:57:47.931Z"
"","EU Funding & Tenders Portal","","","","","","","","","","","","","4","https://ec.europa.eu/info/funding-tenders/opportunities/portal/screen/opportunities/tender-details/dd8225a5-22a2-47f5-adbc-9fad9b25412b-CN","https://ec.europa.eu/info/funding-tenders/opportunities/portal/screen/opportunities/calls-for-tenders","0","0","0","2026-03-11T05:57:47.931Z"
"","EU Funding & Tenders Portal","","","","","","","","","","","","","5","https://ec.europa.eu/info/funding-tenders/opportunities/portal/screen/opportunities/tender-details/0282aa42-d48c-4dd2-938e-52dab68c9509-EXA","https://ec.europa.eu/info/funding-tenders/opportunities/portal/screen/opportunities/calls-for-tenders","0","0","0","2026-03-11T05:57:47.931Z"
"","EU Funding & Tenders Portal","","","","","","","","","","","","","3","https://ec.europa.eu/info/funding-tenders/opportunities/portal/screen/opportunities/tender-details/4847c826-69cd-46ea-b49f-d1a461e7f010-EXA","https://ec.europa.eu/info/funding-tenders/opportunities/portal/screen/opportunities/calls-for-tenders","0","0","0","2026-03-11T05:57:47.931Z"
"","EU Funding & Tenders Portal","","","","","","","","","","","","","4","https://ec.europa.eu/info/funding-tenders/opportunities/portal/screen/opportunities/tender-details/405b3a34-3f91-4207-b874-65cbdac674aa-CN","https://ec.europa.eu/info/funding-tenders/opportunities/portal/screen/opportunities/calls-for-tenders","0","0","0","2026-03-11T05:57:47.931Z"
"","EU Funding & Tenders Portal","","","","","","","","","","","","","7","https://ec.europa.eu/info/funding-tenders/opportunities/portal/screen/opportunities/tender-details/2e6efdaa-ac49-45cc-a920-51db7231c6c6-CN","https://ec.europa.eu/info/funding-tenders/opportunities/portal/screen/opportunities/calls-for-tenders","0","0","0","2026-03-11T05:57:47.931Z"
"","EU Funding & Tenders Portal","","","","","","","","","","","","","3","https://ec.europa.eu/info/funding-tenders/opportunities/portal/screen/opportunities/tender-details/db05ef2e-1a29-4e68-8c48-d0259f5940d0-EXA","https://ec.europa.eu/info/funding-tenders/opportunities/portal/screen/opportunities/calls-for-tenders","0","0","0","2026-03-11T05:57:47.931Z"
"","EU Funding & Tenders Portal","","","","","","","","","","","","","3","https://ec.europa.eu/info/funding-tenders/opportunities/portal/screen/opportunities/tender-details/5a87f686-dd5c-4696-b64d-64da349c3c33-PIN","https://ec.europa.eu/info/funding-tenders/opportunities/portal/screen/opportunities/calls-for-tenders","0","0","0","2026-03-11T05:57:47.931Z"
"","EU Funding & Tenders Portal","","","","","","","","","","","","","3","https://ec.europa.eu/info/funding-tenders/opportunities/portal/screen/opportunities/tender-details/4f7c27b6-7760-44b1-8f49-b874f0b5b823-PIN","https://ec.europa.eu/info/funding-tenders/opportunities/portal/screen/opportunities/calls-for-tenders","0","0","0","2026-03-11T05:57:47.931Z"
"","EU Funding & Tenders Portal","","","","","","","","","","","","","4","https://ec.europa.eu/info/funding-tenders/opportunities/portal/screen/opportunities/tender-details/3c089390-3d56-410e-b44f-c791c9102605-CN","https://ec.europa.eu/info/funding-tenders/opportunities/portal/screen/opportunities/calls-for-tenders","0","0","0","2026-03-11T05:57:47.931Z"
"","EU Funding & Tenders Portal","","","","","","","","","","","","","3","https://ec.europa.eu/info/funding-tenders/opportunities/portal/screen/opportunities/tender-details/f2393d82-ce90-4c54-87f1-e33f36947552-PIN","https://ec.europa.eu/info/funding-tenders/opportunities/portal/screen/opportunities/calls-for-tenders","0","0","0","2026-03-11T05:57:47.931Z"
"","EU Funding & Tenders Portal","","","","","","","","","","","","","11","https://ec.europa.eu/info/funding-tenders/opportunities/portal/screen/opportunities/tender-details/af2a888e-7603-4092-8f71-1d60437ccedd-CN","https://ec.europa.eu/info/funding-tenders/opportunities/portal/screen/opportunities/calls-for-tenders","0","0","0","2026-03-11T05:57:47.931Z"
"","EU Funding & Tenders Portal","","","","","","","","","","","","","3","https://ec.europa.eu/info/funding-tenders/opportunities/portal/screen/opportunities/tender-details/c395b8cf-091b-43f6-bedb-4b107e09517b-PIN","https://ec.europa.eu/info/funding-tenders/opportunities/portal/screen/opportunities/calls-for-tenders","0","0","0","2026-03-11T05:57:47.931Z"
"","EU Funding & Tenders Portal","","","","","","","","","","","","","4","https://ec.europa.eu/info/funding-tenders/opportunities/portal/screen/opportunities/tender-details/eb27637a-2ac2-4649-91e7-a0860ae69d85-CN","https://ec.europa.eu/info/funding-tenders/opportunities/portal/screen/opportunities/calls-for-tenders","0","0","0","2026-03-11T05:57:47.931Z"
"","EU Funding & Tenders Portal","","","","","","","","","","","","","3","https://ec.europa.eu/info/funding-tenders/opportunities/portal/screen/opportunities/tender-details/d2fef4af-9956-4086-a14c-8a1efb354643-EXA","https://ec.europa.eu/info/funding-tenders/opportunities/portal/screen/opportunities/calls-for-tenders","0","0","0","2026-03-11T05:57:47.931Z"
"","EU Funding & Tenders Portal","","","","","","","","","","","","","3","https://ec.europa.eu/info/funding-tenders/opportunities/portal/screen/opportunities/tender-details/405b3a34-3f91-4207-b874-65cbdac674aa-PIN","https://ec.europa.eu/info/funding-tenders/opportunities/portal/screen/opportunities/calls-for-tenders","0","0","0","2026-03-11T05:57:47.931Z"
"","EU Funding & Tenders Portal","","","","","","","","","","","","","3","https://ec.europa.eu/info/funding-tenders/opportunities/portal/screen/opportunities/tender-details/c2715364-848a-4dba-97c8-c043e9f7135e-PIN","https://ec.europa.eu/info/funding-tenders/opportunities/portal/screen/opportunities/calls-for-tenders","0","0","0","2026-03-11T05:57:47.931Z"
"","EU Funding & Tenders Portal","","","","","","","","","","","","","3","https://ec.europa.eu/info/funding-tenders/opportunities/portal/screen/opportunities/tender-details/8f39fbaa-ed92-4f7a-a36e-c862147e499c-PIN","https://ec.europa.eu/info/funding-tenders/opportunities/portal/screen/opportunities/calls-for-tenders","0","0","0","2026-03-11T05:57:47.931Z"
"","EU Funding & Tenders Portal","","","","","","","","","","","","","4","https://ec.europa.eu/info/funding-tenders/opportunities/portal/screen/opportunities/tender-details/65354062-0cf5-465c-b15b-a78f6223bb97-CN","https://ec.europa.eu/info/funding-tenders/opportunities/portal/screen/opportunities/calls-for-tenders","0","0","0","2026-03-11T05:57:47.931Z"
"","EU Funding & Tenders Portal","","","","","","","","","","","","","4","https://ec.europa.eu/info/funding-tenders/opportunities/portal/screen/opportunities/tender-details/167420f3-59ee-41b4-8041-8eef8241d76f-CN","https://ec.europa.eu/info/funding-tenders/opportunities/portal/screen/opportunities/calls-for-tenders","0","0","0","2026-03-11T05:57:47.931Z"
"","EU Funding & Tenders Portal","","","","","","","","","","","","","3","https://ec.europa.eu/info/funding-tenders/opportunities/portal/screen/opportunities/tender-details/83e53d0c-64dd-4b61-b325-b88c8aef8e15-PIN","https://ec.europa.eu/info/funding-tenders/opportunities/portal/screen/opportunities/calls-for-tenders","0","0","0","2026-03-11T05:57:47.931Z"
"","EU Funding & Tenders Portal","","","","","","","","","","","","","7","https://ec.europa.eu/info/funding-tenders/opportunities/portal/screen/opportunities/tender-details/5c8c68f0-aaaa-4da6-8073-8fa1167338be-CN","https://ec.europa.eu/info/funding-tenders/opportunities/portal/screen/opportunities/calls-for-tenders","0","0","0","2026-03-11T05:57:47.931Z"
"","EU Funding & Tenders Portal","","","","","","","","","","","","","3","https://ec.europa.eu/info/funding-tenders/opportunities/portal/screen/opportunities/tender-details/38f5eebb-6091-4343-8d15-0f08cbf709f0-PIN","https://ec.europa.eu/info/funding-tenders/opportunities/portal/screen/opportunities/calls-for-tenders","0","0","0","2026-03-11T05:57:47.931Z"
"","EU Funding & Tenders Portal","","","","","","","","","","","","","5","https://ec.europa.eu/info/funding-tenders/opportunities/portal/screen/opportunities/tender-details/8eaaac8d-24f3-47c8-a3e4-3242a684cdff-CN","https://ec.europa.eu/info/funding-tenders/opportunities/portal/screen/opportunities/calls-for-tenders","0","0","0","2026-03-11T05:57:47.931Z"
"","EU Funding & Tenders Portal","","","","","","","","","","","","","5","https://ec.europa.eu/info/funding-tenders/opportunities/portal/screen/opportunities/tender-details/a9d52fcd-56e6-4f53-b74c-3900ed69ae07-PIN","https://ec.europa.eu/info/funding-tenders/opportunities/portal/screen/opportunities/calls-for-tenders","0","0","0","2026-03-11T05:57:47.931Z"
"","EU Funding & Tenders Portal","","","","","","","","","","","","","3","https://ec.europa.eu/info/funding-tenders/opportunities/portal/screen/opportunities/tender-details/b3e03130-7cf5-4da4-b597-dc820f1604e6-PIN","https://ec.europa.eu/info/funding-tenders/opportunities/portal/screen/opportunities/calls-for-tenders","0","0","0","2026-03-11T05:57:47.931Z"
"","EU Funding & Tenders Portal","","","","","","","","","","","","","3","https://ec.europa.eu/info/funding-tenders/opportunities/portal/screen/opportunities/tender-details/1b267f2c-c8ee-4616-966f-6f93e74a2c15","https://ec.europa.eu/info/funding-tenders/opportunities/portal/screen/opportunities/calls-for-tenders","0","0","0","2026-03-11T05:57:47.931Z"
"","EU Funding & Tenders Portal","","","","","","","","","","","","","3","https://ec.europa.eu/info/funding-tenders/opportunities/portal/screen/opportunities/tender-details/686efa2b-17c5-4b70-b9d9-9da8b0ca5da0-EXA","https://ec.europa.eu/info/funding-tenders/opportunities/portal/screen/opportunities/calls-for-tenders","0","0","0","2026-03-11T05:57:47.931Z"
"","EU Funding & Tenders Portal","","","","","","","","","","","","","3","https://ec.europa.eu/info/funding-tenders/opportunities/portal/screen/opportunities/tender-details/3f13a724-33ba-4d45-b580-609d1d82806c-EXA","https://ec.europa.eu/info/funding-tenders/opportunities/portal/screen/opportunities/calls-for-tenders","0","0","0","2026-03-11T05:57:47.931Z"
"","EU Funding & Tenders Portal","","","","","","","","","","","","","3","https://ec.europa.eu/info/funding-tenders/opportunities/portal/screen/opportunities/tender-details/76e44583-05f0-4474-9d46-17cbcbcaaa49-EXA","https://ec.europa.eu/info/funding-tenders/opportunities/portal/screen/opportunities/calls-for-tenders","0","0","0","2026-03-11T05:57:47.931Z"
"","EU Funding & Tenders Portal","","","","","","","","","","","","","4","https://ec.europa.eu/info/funding-tenders/opportunities/portal/screen/opportunities/tender-details/0fd09574-a4a3-4f9a-b026-624fc7b1a297-CN","https://ec.europa.eu/info/funding-tenders/opportunities/portal/screen/opportunities/calls-for-tenders","0","0","0","2026-03-11T05:57:47.931Z"
"","EU Funding & Tenders Portal","","","","","","","","","","","","","3","https://ec.europa.eu/info/funding-tenders/opportunities/portal/screen/opportunities/tender-details/08ed72f5-ddd2-4832-a38c-74f36c841686-EXA","https://ec.europa.eu/info/funding-tenders/opportunities/portal/screen/opportunities/calls-for-tenders","0","0","0","2026-03-11T05:57:47.931Z"
"","EU Funding & Tenders Portal","","","","","","","","","","","","","3","https://ec.europa.eu/info/funding-tenders/opportunities/portal/screen/opportunities/tender-details/375f3b7a-7761-4bba-9161-788b99719ce4-PIN","https://ec.europa.eu/info/funding-tenders/opportunities/portal/screen/opportunities/calls-for-tenders","0","0","0","2026-03-11T05:57:47.931Z"
"","EU Funding & Tenders Portal","","","","","","","","","","","","","6","https://ec.europa.eu/info/funding-tenders/opportunities/portal/screen/opportunities/tender-details/8f82d430-bc4a-4383-a650-3b1f9ea34d42-CN","https://ec.europa.eu/info/funding-tenders/opportunities/portal/screen/opportunities/calls-for-tenders","0","0","0","2026-03-11T05:57:47.931Z"
"","EU Funding & Tenders Portal","","","","","","","","","","","","","3","https://ec.europa.eu/info/funding-tenders/opportunities/portal/screen/opportunities/tender-details/a2c8b963-668e-4f26-8454-11db7332e942-PIN","https://ec.europa.eu/info/funding-tenders/opportunities/portal/screen/opportunities/calls-for-tenders","0","0","0","2026-03-11T05:57:47.931Z"
"","EU Funding & Tenders Portal","","","","","","","","","","","","","6","https://ec.europa.eu/info/funding-tenders/opportunities/portal/screen/opportunities/tender-details/e1c038e6-fcfb-4b8d-82c1-3afe3e1980df-CN","https://ec.europa.eu/info/funding-tenders/opportunities/portal/screen/opportunities/calls-for-tenders","0","0","0","2026-03-11T05:57:47.931Z"
"","EU Funding & Tenders Portal","","","","","","","","","","","","","28","https://ec.europa.eu/info/funding-tenders/opportunities/portal/screen/opportunities/tender-details/d43ec93b-b8bf-4ebf-82f4-5e5bc5660feb-CN","https://ec.europa.eu/info/funding-tenders/opportunities/portal/screen/opportunities/calls-for-tenders","0","0","0","2026-03-11T05:57:47.931Z"
"","EU Funding & Tenders Portal","","","","","","","","","","","","","3","https://ec.europa.eu/info/funding-tenders/opportunities/portal/screen/opportunities/tender-details/7607462c-8b8a-4f7f-a889-a8cc7555fea3-EXA","https://ec.europa.eu/info/funding-tenders/opportunities/portal/screen/opportunities/calls-for-tenders","0","0","0","2026-03-11T05:57:47.931Z"
"","EU Funding & Tenders Portal","","","","","","","","","","","","","8","https://ec.europa.eu/info/funding-tenders/opportunities/portal/screen/opportunities/tender-details/ec17e057-f320-425a-abe7-4d79a6d663e3-CN","https://ec.europa.eu/info/funding-tenders/opportunities/portal/screen/opportunities/calls-for-tenders","0","0","0","2026-03-11T05:57:47.931Z"
"","EU Funding & Tenders Portal","","","","","","","","","","","","","3","https://ec.europa.eu/info/funding-tenders/opportunities/portal/screen/opportunities/tender-details/b5dd96f2-bd8f-40b5-82d7-756565048b63-EXA","https://ec.europa.eu/info/funding-tenders/opportunities/portal/screen/opportunities/calls-for-tenders","0","0","0","2026-03-11T05:57:47.931Z"
"","EU Funding & Tenders Portal","","","","","","","","","","","","","3","https://ec.europa.eu/info/funding-tenders/opportunities/portal/screen/opportunities/tender-details/c9d05f7c-48d5-4f4b-a8e5-127d5757d709-EXA","https://ec.europa.eu/info/funding-tenders/opportunities/portal/screen/opportunities/calls-for-tenders","0","0","0","2026-03-11T05:57:47.931Z"
"","EU Funding & Tenders Portal","","","","","","","","","","","","","5","https://ec.europa.eu/info/funding-tenders/opportunities/portal/screen/opportunities/tender-details/88e02d02-faf4-4028-9ceb-309798e55f4f-CN","https://ec.europa.eu/info/funding-tenders/opportunities/portal/screen/opportunities/calls-for-tenders","0","0","0","2026-03-11T05:57:47.931Z"
"","EU Funding & Tenders Portal","","","","","","","","","","","","","3","https://ec.europa.eu/info/funding-tenders/opportunities/portal/screen/opportunities/tender-details/35671487-e3b2-483f-b4f3-78ab87177860-PIN","https://ec.europa.eu/info/funding-tenders/opportunities/portal/screen/opportunities/calls-for-tenders","0","0","0","2026-03-11T05:57:47.931Z"
"","EU Funding & Tenders Portal","","","","","","","","","","","","","3","https://ec.europa.eu/info/funding-tenders/opportunities/portal/screen/opportunities/tender-details/15c5bd88-f118-4f18-a07c-e70c8ea90615-EXA","https://ec.europa.eu/info/funding-tenders/opportunities/portal/screen/opportunities/calls-for-tenders","0","0","0","2026-03-11T05:57:47.931Z"
"","EU Funding & Tenders Portal","","","","","","","","","","","","","3","https://ec.europa.eu/info/funding-tenders/opportunities/portal/screen/opportunities/tender-details/40bc1e07-aff4-458a-8c01-f7b4479e26d2-EXA","https://ec.europa.eu/info/funding-tenders/opportunities/portal/screen/opportunities/calls-for-tenders","0","0","0","2026-03-11T05:57:47.931Z"
"","EU Funding & Tenders Portal","","","","","","","","","","","","","3","https://ec.europa.eu/info/funding-tenders/opportunities/portal/screen/opportunities/tender-details/4d5f047a-4684-4303-8196-6d6fac281084-EXA","https://ec.europa.eu/info/funding-tenders/opportunities/portal/screen/opportunities/calls-for-tenders","0","0","0","2026-03-11T05:57:47.931Z"
"","EU Funding & Tenders Portal","","","","","","","","","","","","","3","https://ec.europa.eu/info/funding-tenders/opportunities/portal/screen/opportunities/tender-details/3fccfee5-5b00-43ee-a3fd-5c4cdd316d08-EXA","https://ec.europa.eu/info/funding-tenders/opportunities/portal/screen/opportunities/calls-for-tenders","0","0","0","2026-03-11T05:57:47.931Z"
"","EU Funding & Tenders Portal","","","","","","","","","","","","","15","https://ec.europa.eu/info/funding-tenders/opportunities/portal/screen/opportunities/tender-details/e4342fa9-4201-4378-b1c3-d509171d8e97-CN","https://ec.europa.eu/info/funding-tenders/opportunities/portal/screen/opportunities/calls-for-tenders","0","0","0","2026-03-11T05:57:47.931Z"
"","EU Funding & Tenders Portal","","","","","","","","","","","","","4","https://ec.europa.eu/info/funding-tenders/opportunities/portal/screen/opportunities/tender-details/83b5f799-3087-498d-95ec-e2edc8781153-CN","https://ec.europa.eu/info/funding-tenders/opportunities/portal/screen/opportunities/calls-for-tenders","0","0","0","2026-03-11T05:57:47.931Z"
"","EU Funding & Tenders Portal","","","","","","","","","","","","","5","https://ec.europa.eu/info/funding-tenders/opportunities/portal/screen/opportunities/tender-details/319fb728-c0a3-4272-b13e-24539647fb3e-CN","https://ec.europa.eu/info/funding-tenders/opportunities/portal/screen/opportunities/calls-for-tenders","0","0","0","2026-03-11T05:57:47.931Z"
"","EU Funding & Tenders Portal","","","","","","","","","","","","","10","https://ec.europa.eu/info/funding-tenders/opportunities/portal/screen/opportunities/tender-details/a8e245ff-682f-4956-8782-6fad1871eb98-CN","https://ec.europa.eu/info/funding-tenders/opportunities/portal/screen/opportunities/calls-for-tenders","0","0","0","2026-03-11T05:57:47.931Z"
"","EU Funding & Tenders Portal","","","","","","","","","","","","","3","https://ec.europa.eu/info/funding-tenders/opportunities/portal/screen/opportunities/tender-details/4c6bad26-89d3-40e0-ab03-0275858b9f43-EXA","https://ec.europa.eu/info/funding-tenders/opportunities/portal/screen/opportunities/calls-for-tenders","0","0","0","2026-03-11T05:57:47.931Z"
"","EU Funding & Tenders Portal","","","","","","","","","","","","","3","https://ec.europa.eu/info/funding-tenders/opportunities/portal/screen/opportunities/tender-details/56029dbf-c654-4221-8bbd-1911ae574f5c-EXA","https://ec.europa.eu/info/funding-tenders/opportunities/portal/screen/opportunities/calls-for-tenders","0","0","0","2026-03-11T05:57:47.931Z"
"","EU Funding & Tenders Portal","","","","","","","","","","","","","3","https://ec.europa.eu/info/funding-tenders/opportunities/portal/screen/opportunities/tender-details/d20c1582-2b48-4711-9e6e-83457f68f888-EXA","https://ec.europa.eu/info/funding-tenders/opportunities/portal/screen/opportunities/calls-for-tenders","0","0","0","2026-03-11T05:57:47.931Z"
"","EU Funding & Tenders Portal","","","","","","","","","","","","","3","https://ec.europa.eu/info/funding-tenders/opportunities/portal/screen/opportunities/tender-details/0c839b35-ae18-448c-b423-b17d64aed006-EXA","https://ec.europa.eu/info/funding-tenders/opportunities/portal/screen/opportunities/calls-for-tenders","0","0","0","2026-03-11T05:57:47.931Z"
"","EU Funding & Tenders Portal","","","","","","","","","","","","","3","https://ec.europa.eu/info/funding-tenders/opportunities/portal/screen/opportunities/tender-details/c63f2fa2-7b8c-4481-a25f-af852f47ff6a-EXA","https://ec.europa.eu/info/funding-tenders/opportunities/portal/screen/opportunities/calls-for-tenders","0","0","0","2026-03-11T05:57:47.931Z"
"","EU Funding & Tenders Portal","","","","","","","","","","","","","3","https://ec.europa.eu/info/funding-tenders/opportunities/portal/screen/opportunities/tender-details/319fb728-c0a3-4272-b13e-24539647fb3e-PIN","https://ec.europa.eu/info/funding-tenders/opportunities/portal/screen/opportunities/calls-for-tenders","0","0","0","2026-03-11T05:57:47.931Z"
"","EU Funding & Tenders Portal","","","","","","","","","","","","","3","https://ec.europa.eu/info/funding-tenders/opportunities/portal/screen/opportunities/tender-details/93fe1417-e3e8-4dcd-8bfe-b256ca86a4ba-PIN","https://ec.europa.eu/info/funding-tenders/opportunities/portal/screen/opportunities/calls-for-tenders","0","0","0","2026-03-11T05:57:47.931Z"
"","EU Funding & Tenders Portal","","","","","","","","","","","","","3","https://ec.europa.eu/info/funding-tenders/opportunities/portal/screen/opportunities/tender-details/3efa6cf8-1b9f-4d30-91d7-6f36f1be34db-PIN","https://ec.europa.eu/info/funding-tenders/opportunities/portal/screen/opportunities/calls-for-tenders","0","0","0","2026-03-11T05:57:47.931Z"
"","EU Funding & Tenders Portal","","","","","","","","","","","","","5","https://ec.europa.eu/info/funding-tenders/opportunities/portal/screen/opportunities/tender-details/ae3ade32-5fcd-410d-8b7d-52a6ae023da1-CN","https://ec.europa.eu/info/funding-tenders/opportunities/portal/screen/opportunities/calls-for-tenders","0","0","0","2026-03-11T05:57:47.931Z"
"","EU Funding & Tenders Portal","","","","","","","","","","","","","3","https://ec.europa.eu/info/funding-tenders/opportunities/portal/screen/opportunities/tender-details/4a58ec2d-786e-4dbf-a0b6-99f4af3eaa7f-EXA","https://ec.europa.eu/info/funding-tenders/opportunities/portal/screen/opportunities/calls-for-tenders","0","0","0","2026-03-11T05:57:47.931Z"
"","EU Funding & Tenders Portal","","","","","","","","","","","","","3","https://ec.europa.eu/info/funding-tenders/opportunities/portal/screen/opportunities/tender-details/e6ce4e72-2e4d-4d18-b54c-1dfaa4ad8340-EXA","https://ec.europa.eu/info/funding-tenders/opportunities/portal/screen/opportunities/calls-for-tenders","0","0","0","2026-03-11T05:57:47.931Z"
"","EU Funding & Tenders Portal","","","","","","","","","","","","","3","https://ec.europa.eu/info/funding-tenders/opportunities/portal/screen/opportunities/tender-details/0110cf17-c56e-4d02-a340-ca94bb9d7a50-EXA","https://ec.europa.eu/info/funding-tenders/opportunities/portal/screen/opportunities/calls-for-tenders","0","0","0","2026-03-11T05:57:47.931Z"
"","EU Funding & Tenders Portal","","","","","","","","","","","","","3","https://ec.europa.eu/info/funding-tenders/opportunities/portal/screen/opportunities/tender-details/6e5951cc-a1dc-4383-9d08-26c8132551be-EXA","https://ec.europa.eu/info/funding-tenders/opportunities/portal/screen/opportunities/calls-for-tenders","0","0","0","2026-03-11T05:57:47.931Z"
"","EU Funding & Tenders Portal","","","","","","","","","","","","","4","https://ec.europa.eu/info/funding-tenders/opportunities/portal/screen/opportunities/tender-details/e930707a-3fc3-4b15-a616-26e2036b33f5-CN","https://ec.europa.eu/info/funding-tenders/opportunities/portal/screen/opportunities/calls-for-tenders","0","0","0","2026-03-11T05:57:47.931Z"
"","EU Funding & Tenders Portal","","","","","","","","","","","","","3","https://ec.europa.eu/info/funding-tenders/opportunities/portal/screen/opportunities/tender-details/1d913b59-3832-4fbc-9e9d-3f005d0342da-EXA","https://ec.europa.eu/info/funding-tenders/opportunities/portal/screen/opportunities/calls-for-tenders","0","0","0","2026-03-11T05:57:47.931Z"
"","EU Funding & Tenders Portal","","","","","","","","","","","","","3","https://ec.europa.eu/info/funding-tenders/opportunities/portal/screen/opportunities/tender-details/23afe5a3-0b26-459f-b9ac-aa569f127dfb-EXA","https://ec.europa.eu/info/funding-tenders/opportunities/portal/screen/opportunities/calls-for-tenders","0","0","0","2026-03-11T05:57:47.931Z"
"","EU Funding & Tenders Portal","","","","","","","","","","","","","3","https://ec.europa.eu/info/funding-tenders/opportunities/portal/screen/opportunities/tender-details/d520038c-515f-4710-aa63-9021f2982926-EXA","https://ec.europa.eu/info/funding-tenders/opportunities/portal/screen/opportunities/calls-for-tenders","0","0","0","2026-03-11T05:57:47.931Z"
"","EU Funding & Tenders Portal","","","","","","","","","","","","","3","https://ec.europa.eu/info/funding-tenders/opportunities/portal/screen/opportunities/tender-details/ed170850-1ac4-481a-8bb8-a7cec982236c-EXA","https://ec.europa.eu/info/funding-tenders/opportunities/portal/screen/opportunities/calls-for-tenders","0","0","0","2026-03-11T05:57:47.931Z"
"","EU Funding & Tenders Portal","","","","","","","","","","","","","3","https://ec.europa.eu/info/funding-tenders/opportunities/portal/screen/opportunities/tender-details/95253df2-c0af-40b4-bc46-efd98c273dc5-EXA","https://ec.europa.eu/info/funding-tenders/opportunities/portal/screen/opportunities/calls-for-tenders","0","0","0","2026-03-11T05:57:47.931Z"
"","EU Funding & Tenders Portal","","","","","","","","","","","","","3","https://ec.europa.eu/info/funding-tenders/opportunities/portal/screen/opportunities/tender-details/9080d2c9-683d-4230-80e3-474e5af2f128-EXA","https://ec.europa.eu/info/funding-tenders/opportunities/portal/screen/opportunities/calls-for-tenders","0","0","0","2026-03-11T05:57:47.931Z"
"","EU Funding & Tenders Portal","","","","","","","","","","","","","3","https://ec.europa.eu/info/funding-tenders/opportunities/portal/screen/opportunities/tender-details/d29a97ae-b006-4157-a23d-96c30f56c064-EXA","https://ec.europa.eu/info/funding-tenders/opportunities/portal/screen/opportunities/calls-for-tenders","0","0","0","2026-03-11T05:57:47.931Z"
"","EU Funding & Tenders Portal","","","","","","","","","","","","","7","https://ec.europa.eu/info/funding-tenders/opportunities/portal/screen/opportunities/tender-details/365ed700-c573-4c7e-91fc-14fe77eff6cc-CN","https://ec.europa.eu/info/funding-tenders/opportunities/portal/screen/opportunities/calls-for-tenders","0","0","0","2026-03-11T05:57:47.931Z"
"","EU Funding & Tenders Portal","","","","","","","","","","","","","11","https://ec.europa.eu/info/funding-tenders/opportunities/portal/screen/opportunities/tender-details/74ffa4e2-4bda-4465-bbfd-91bb8fe9f82c-CN","https://ec.europa.eu/info/funding-tenders/opportunities/portal/screen/opportunities/calls-for-tenders","0","0","0","2026-03-11T05:57:47.931Z"
"","EU Funding & Tenders Portal","","","","","","","","","","","","","3","https://ec.europa.eu/info/funding-tenders/opportunities/portal/screen/opportunities/tender-details/0dcfdd52-80e8-4f71-85ad-25e5ff91a1e9-EXA","https://ec.europa.eu/info/funding-tenders/opportunities/portal/screen/opportunities/calls-for-tenders","0","0","0","2026-03-11T05:57:47.931Z"
"","EU Funding & Tenders Portal","","","","","","","","","","","","","3","https://ec.europa.eu/info/funding-tenders/opportunities/portal/screen/opportunities/tender-details/9d573cce-db2a-41a1-9134-adf96ed5a457-EXA","https://ec.europa.eu/info/funding-tenders/opportunities/portal/screen/opportunities/calls-for-tenders","0","0","0","2026-03-11T05:57:47.931Z"
"","EU Funding & Tenders Portal","","","","","","","","","","","","","5","https://ec.europa.eu/info/funding-tenders/opportunities/portal/screen/opportunities/tender-details/a1450f3d-6c78-42ed-8e6a-992ea909ef2b-CN","https://ec.europa.eu/info/funding-tenders/opportunities/portal/screen/opportunities/calls-for-tenders","0","0","0","2026-03-11T05:57:47.931Z"
"","EU Funding & Tenders Portal","","","","","","","","","","","","","3","https://ec.europa.eu/info/funding-tenders/opportunities/portal/screen/opportunities/tender-details/d43ec93b-b8bf-4ebf-82f4-5e5bc5660feb-PIN","https://ec.europa.eu/info/funding-tenders/opportunities/portal/screen/opportunities/calls-for-tenders","0","0","0","2026-03-11T05:57:47.931Z"
"","EU Funding & Tenders Portal","","","","","","","","","","","","","3","https://ec.europa.eu/info/funding-tenders/opportunities/portal/screen/opportunities/tender-details/85ba29d3-a1f8-4974-9e3d-66bbbf97df04-PIN","https://ec.europa.eu/info/funding-tenders/opportunities/portal/screen/opportunities/calls-for-tenders","0","0","0","2026-03-11T05:57:47.931Z"
"","EU Funding & Tenders Portal","","","","","","","","","","","","","3","https://ec.europa.eu/info/funding-tenders/opportunities/portal/screen/opportunities/tender-details/e65bb1f0-729d-4743-8306-606b8c6cf2fd-PIN","https://ec.europa.eu/info/funding-tenders/opportunities/portal/screen/opportunities/calls-for-tenders","0","0","0","2026-03-11T05:57:47.931Z"
"","EU Funding & Tenders Portal","","","","","","","","","","","","","3","https://ec.europa.eu/info/funding-tenders/opportunities/portal/screen/opportunities/tender-details/e313852b-b181-4c5c-8a6d-fb6a2b873a3c-EXA","https://ec.europa.eu/info/funding-tenders/opportunities/portal/screen/opportunities/calls-for-tenders","0","0","0","2026-03-11T05:57:47.931Z"
"","EU Funding & Tenders Portal","","","","","","","","","","","","","3","https://ec.europa.eu/info/funding-tenders/opportunities/portal/screen/opportunities/tender-details/4e2eda97-be77-40f4-a49f-92e846cf478a-PIN","https://ec.europa.eu/info/funding-tenders/opportunities/portal/screen/opportunities/calls-for-tenders","0","0","0","2026-03-11T05:57:47.931Z"
"","EU Funding & Tenders Portal","","","","","","","","","","","","","3","https://ec.europa.eu/info/funding-tenders/opportunities/portal/screen/opportunities/tender-details/065498ad-def7-4518-9f60-ac445e99d7c8-PIN","https://ec.europa.eu/info/funding-tenders/opportunities/portal/screen/opportunities/calls-for-tenders","0","0","0","2026-03-11T05:57:47.931Z"
"","EU Funding & Tenders Portal","","","","","","","","","","","","","12","https://ec.europa.eu/info/funding-tenders/opportunities/portal/screen/opportunities/tender-details/8496e54e-5676-40dd-873b-c6d7eddfa481-CN","https://ec.europa.eu/info/funding-tenders/opportunities/portal/screen/opportunities/calls-for-tenders","0","0","0","2026-03-11T05:57:47.931Z"
"","EU Funding & Tenders Portal","","","","","","","","","","","","","8","https://ec.europa.eu/info/funding-tenders/opportunities/portal/screen/opportunities/tender-details/256d3baa-5229-4acd-ade3-b835d75fbb4b-CN","https://ec.europa.eu/info/funding-tenders/opportunities/portal/screen/opportunities/calls-for-tenders","0","0","0","2026-03-11T05:57:47.931Z"
"","EU Funding & Tenders Portal","","","","","","","","","","","","","3","https://ec.europa.eu/info/funding-tenders/opportunities/portal/screen/opportunities/tender-details/c1a918fa-3f7b-4a88-824c-25321f147e49-PIN","https://ec.europa.eu/info/funding-tenders/opportunities/portal/screen/opportunities/calls-for-tenders","0","0","0","2026-03-11T05:57:47.931Z"
"","EU Funding & Tenders Portal","","","","","","","","","","","","","3","https://ec.europa.eu/info/funding-tenders/opportunities/portal/screen/opportunities/tender-details/bceb81ea-0680-4808-a216-6669cce868ba-PIN","https://ec.europa.eu/info/funding-tenders/opportunities/portal/screen/opportunities/calls-for-tenders","0","0","0","2026-03-11T05:57:47.931Z"
"","EU Funding & Tenders Portal","","","","","","","","","","","","","3","https://ec.europa.eu/info/funding-tenders/opportunities/portal/screen/opportunities/tender-details/779630bd-e50e-4f94-8216-91c7d3104900-PIN","https://ec.europa.eu/info/funding-tenders/opportunities/portal/screen/opportunities/calls-for-tenders","0","0","0","2026-03-11T05:57:47.931Z"
"","EU Funding & Tenders Portal","","","","","","","","","","","","","10","https://ec.europa.eu/info/funding-tenders/opportunities/portal/screen/opportunities/tender-details/62215563-17fe-48b5-a6f8-3bbae85ae0b2-CN","https://ec.europa.eu/info/funding-tenders/opportunities/portal/screen/opportunities/calls-for-tenders","0","0","0","2026-03-11T05:57:47.931Z"
"","EU Funding & Tenders Portal","","","","","","","","","","","","","3","https://ec.europa.eu/info/funding-tenders/opportunities/portal/screen/opportunities/tender-details/9d530b82-3b1a-4243-a054-6c32e189c084-EXA","https://ec.europa.eu/info/funding-tenders/opportunities/portal/screen/opportunities/calls-for-tenders","0","0","0","2026-03-11T05:57:47.931Z"
"","EU Funding & Tenders Portal","","","","","","","","","","","","","3","https://ec.europa.eu/info/funding-tenders/opportunities/portal/screen/opportunities/tender-details/b011ceb6-d906-44f0-9a2d-db3501310bca-PIN","https://ec.europa.eu/info/funding-tenders/opportunities/portal/screen/opportunities/calls-for-tenders","0","0","0","2026-03-11T05:57:47.931Z"
"","EU Funding & Tenders Portal","","","","","","","","","","","","","3","https://ec.europa.eu/info/funding-tenders/opportunities/portal/screen/opportunities/tender-details/95a2285c-350c-4b57-b964-a8c4a07e5151-PIN","https://ec.europa.eu/info/funding-tenders/opportunities/portal/screen/opportunities/calls-for-tenders","0","0","0","2026-03-11T05:57:47.931Z"
"","EU Funding & Tenders Portal","","","","","","","","","","","","","5","https://ec.europa.eu/info/funding-tenders/opportunities/portal/screen/opportunities/tender-details/0bbe6d09-e8ba-43c8-b8a2-921b203b7250-CN","https://ec.europa.eu/info/funding-tenders/opportunities/portal/screen/opportunities/calls-for-tenders","0","0","0","2026-03-11T05:57:47.931Z"
"","EU Funding & Tenders Portal","","","","","","","","","","","","","6","https://ec.europa.eu/info/funding-tenders/opportunities/portal/screen/opportunities/tender-details/362d98a9-2773-425e-987f-c1c0dd79a9b6-CN","https://ec.europa.eu/info/funding-tenders/opportunities/portal/screen/opportunities/calls-for-tenders","0","0","0","2026-03-11T05:57:47.931Z"
"","EU Funding & Tenders Portal","","","","","","","","","","","","","4","https://ec.europa.eu/info/funding-tenders/opportunities/portal/screen/opportunities/tender-details/fce11b2a-c0ce-4c24-bad5-f7794b3918c3-CN","https://ec.europa.eu/info/funding-tenders/opportunities/portal/screen/opportunities/calls-for-tenders","0","0","0","2026-03-11T05:57:47.931Z"
"","EU Funding & Tenders Portal","","","","","","","","","","","","","3","https://ec.europa.eu/info/funding-tenders/opportunities/portal/screen/opportunities/tender-details/7a5be0b7-3100-4158-8a9b-60de4300184c-PIN","https://ec.europa.eu/info/funding-tenders/opportunities/portal/screen/opportunities/calls-for-tenders","0","0","0","2026-03-11T05:57:47.931Z"
"","EU Funding & Tenders Portal","","","","","","","","","","","","","3","https://ec.europa.eu/info/funding-tenders/opportunities/portal/screen/opportunities/tender-details/1c33d980-672a-4bc1-bec8-a452c934f7a4-PIN","https://ec.europa.eu/info/funding-tenders/opportunities/portal/screen/opportunities/calls-for-tenders","0","0","0","2026-03-11T05:57:47.931Z"
"","EU Funding & Tenders Portal","","","","","","","","","","","","","3","https://ec.europa.eu/info/funding-tenders/opportunities/portal/screen/opportunities/tender-details/a1450f3d-6c78-42ed-8e6a-992ea909ef2b-PIN","https://ec.europa.eu/info/funding-tenders/opportunities/portal/screen/opportunities/calls-for-tenders","0","0","0","2026-03-11T05:57:47.931Z"
"","EU Funding & Tenders Portal","","","","","","","","","","","","","3","https://ec.europa.eu/info/funding-tenders/opportunities/portal/screen/opportunities/tender-details/ab5720ea-9433-44a7-9b23-7d05a36d1928-PIN","https://ec.europa.eu/info/funding-tenders/opportunities/portal/screen/opportunities/calls-for-tenders","0","0","0","2026-03-11T05:57:47.931Z"
"","EU Funding & Tenders Portal","","","","","","","","","","","","","3","https://ec.europa.eu/info/funding-tenders/opportunities/portal/screen/opportunities/tender-details/1e75cc73-98e5-4215-a438-cb9d4612998c-PIN","https://ec.europa.eu/info/funding-tenders/opportunities/portal/screen/opportunities/calls-for-tenders","0","0","0","2026-03-11T05:57:47.931Z"
"","EU Funding & Tenders Portal","","","","","","","","","","","","","3","https://ec.europa.eu/info/funding-tenders/opportunities/portal/screen/opportunities/tender-details/fce11b2a-c0ce-4c24-bad5-f7794b3918c3-PIN","https://ec.europa.eu/info/funding-tenders/opportunities/portal/screen/opportunities/calls-for-tenders","0","0","0","2026-03-11T05:57:47.931Z"
"","EU Funding & Tenders Portal","","","","","","","","","","","","","3","https://ec.europa.eu/info/funding-tenders/opportunities/portal/screen/opportunities/tender-details/16e96b6d-7a3c-431d-a30f-940b171a2ab0-PIN","https://ec.europa.eu/info/funding-tenders/opportunities/portal/screen/opportunities/calls-for-tenders","0","0","0","2026-03-11T05:57:47.931Z"
"","EU Funding & Tenders Portal","","","","","","","","","","","","","3","https://ec.europa.eu/info/funding-tenders/opportunities/portal/screen/opportunities/tender-details/8cc76b34-a4a2-48de-a78a-f0de4da5167b-PIN","https://ec.europa.eu/info/funding-tenders/opportunities/portal/screen/opportunities/calls-for-tenders","0","0","0","2026-03-11T05:57:47.931Z"
"","EU Funding & Tenders Portal","","","","","","","","","","","","","3","https://ec.europa.eu/info/funding-tenders/opportunities/portal/screen/opportunities/tender-details/eb27637a-2ac2-4649-91e7-a0860ae69d85-PIN","https://ec.europa.eu/info/funding-tenders/opportunities/portal/screen/opportunities/calls-for-tenders","0","0","0","2026-03-11T05:57:47.931Z"
"","EU Funding & Tenders Portal","","","","","","","","","","","","","3","https://ec.europa.eu/info/funding-tenders/opportunities/portal/screen/opportunities/tender-details/83d46c12-3994-4d6b-abdc-ec5563e10928-PIN","https://ec.europa.eu/info/funding-tenders/opportunities/portal/screen/opportunities/calls-for-tenders","0","0","0","2026-03-11T05:57:47.931Z"
"","EU Funding & Tenders Portal","","","","","","","","","","","","","3","https://ec.europa.eu/info/funding-tenders/opportunities/portal/screen/opportunities/tender-details/a49c06fa-a1dc-49bd-973c-34390c8381bb-PIN","https://ec.europa.eu/info/funding-tenders/opportunities/portal/screen/opportunities/calls-for-tenders","0","0","0","2026-03-11T05:57:47.931Z"
"","EU Funding & Tenders Portal","","","","","","","","","","","","","3","https://ec.europa.eu/info/funding-tenders/opportunities/portal/screen/opportunities/tender-details/3c202873-df32-4475-88af-c24d86aee279-PIN","https://ec.europa.eu/info/funding-tenders/opportunities/portal/screen/opportunities/calls-for-tenders","0","0","0","2026-03-11T05:57:47.931Z"
"","EU Funding & Tenders Portal","","","","","","","","","","","","","3","https://ec.europa.eu/info/funding-tenders/opportunities/portal/screen/opportunities/tender-details/f34767af-9787-4707-b689-a676c221a837-CN","https://ec.europa.eu/info/funding-tenders/opportunities/portal/screen/opportunities/calls-for-tenders","0","0","0","2026-03-11T05:57:47.931Z"
"","EU Funding & Tenders Portal","","","","","","","","","","","","","3","https://ec.europa.eu/info/funding-tenders/opportunities/portal/screen/opportunities/tender-details/faaf878e-cf45-42a2-8468-35c3ee4ad514-PIN","https://ec.europa.eu/info/funding-tenders/opportunities/portal/screen/opportunities/calls-for-tenders","0","0","0","2026-03-11T05:57:47.931Z"
"","EU Funding & Tenders Portal","","","","","","","","","","","","","4","https://ec.europa.eu/info/funding-tenders/opportunities/portal/screen/opportunities/tender-details/b1ceccd5-ec6c-4ac0-a1ed-1ab3d4ad9c0d-PIN","https://ec.europa.eu/info/funding-tenders/opportunities/portal/screen/opportunities/calls-for-tenders","0","0","0","2026-03-11T05:57:47.931Z"
"","EU Funding & Tenders Portal","","","","","","","","","","","","","3","https://ec.europa.eu/info/funding-tenders/opportunities/portal/screen/opportunities/tender-details/164af767-c843-4367-bff5-ec687b7253e3-PIN","https://ec.europa.eu/info/funding-tenders/opportunities/portal/screen/opportunities/calls-for-tenders","0","0","0","2026-03-11T05:57:47.931Z"
"","EU Funding & Tenders Portal","","","","","","","","","","","","","3","https://ec.europa.eu/info/funding-tenders/opportunities/portal/screen/opportunities/tender-details/0f4cdddc-7ebf-4a68-91ef-19431d0a3f68-PIN","https://ec.europa.eu/info/funding-tenders/opportunities/portal/screen/opportunities/calls-for-tenders","0","0","0","2026-03-11T05:57:47.931Z"
"","EU Funding & Tenders Portal","","","","","","","","","","","","","5","https://ec.europa.eu/info/funding-tenders/opportunities/portal/screen/opportunities/tender-details/7305ab45-23b9-409e-8f56-b538c19232a6-PIN","https://ec.europa.eu/info/funding-tenders/opportunities/portal/screen/opportunities/calls-for-tenders","0","0","0","2026-03-11T05:57:47.931Z"
"","EU Funding & Tenders Portal","","","","","","","","","","","","","3","https://ec.europa.eu/info/funding-tenders/opportunities/portal/screen/opportunities/tender-details/ff448c5a-c29f-4524-848c-b1ea06551b9e-PIN","https://ec.europa.eu/info/funding-tenders/opportunities/portal/screen/opportunities/calls-for-tenders","0","0","0","2026-03-11T05:57:47.931Z"
"","EU Funding & Tenders Portal","","","","","","","","","","","","","3","https://ec.europa.eu/info/funding-tenders/opportunities/portal/screen/opportunities/tender-details/fcc1ce26-4ae1-40bb-9560-107753b2be80-PIN","https://ec.europa.eu/info/funding-tenders/opportunities/portal/screen/opportunities/calls-for-tenders","0","0","0","2026-03-11T05:57:47.931Z"
"","EU Funding & Tenders Portal","","","","","","","","","","","","","4","https://ec.europa.eu/info/funding-tenders/opportunities/portal/screen/opportunities/tender-details/a504a459-904d-4596-bdb2-0684c761f362-PIN","https://ec.europa.eu/info/funding-tenders/opportunities/portal/screen/opportunities/calls-for-tenders","0","0","0","2026-03-11T05:57:47.931Z"
"","EU Funding & Tenders Portal","","","","","","","","","","","","","3","https://ec.europa.eu/info/funding-tenders/opportunities/portal/screen/opportunities/tender-details/210e2a33-1a7d-4793-8135-75684bfa74d5-PIN","https://ec.europa.eu/info/funding-tenders/opportunities/portal/screen/opportunities/calls-for-tenders","0","0","0","2026-03-11T05:57:47.931Z"
"","EU Funding & Tenders Portal","","","","","","","","","","","","","3","https://ec.europa.eu/info/funding-tenders/opportunities/portal/screen/opportunities/tender-details/bfa1364a-f106-4c28-be1f-398cc5c6e12c-PIN","https://ec.europa.eu/info/funding-tenders/opportunities/portal/screen/opportunities/calls-for-tenders","0","0","0","2026-03-11T05:57:47.931Z"
"","EU Funding & Tenders Portal","","","","","","","","","","","","","3","https://ec.europa.eu/info/funding-tenders/opportunities/portal/screen/opportunities/tender-details/606c18f6-f539-40cf-b65a-20ae065d719b-PIN","https://ec.europa.eu/info/funding-tenders/opportunities/portal/screen/opportunities/calls-for-tenders","0","0","0","2026-03-11T05:57:47.931Z"
"","EU Funding & Tenders Portal","","","","","","","","","","","","","4","https://ec.europa.eu/info/funding-tenders/opportunities/portal/screen/opportunities/tender-details/15380","https://ec.europa.eu/info/funding-tenders/opportunities/portal/screen/opportunities/calls-for-tenders","0","0","0","2026-03-11T05:57:47.931Z"
"","EU Funding & Tenders Portal","","","","","","","","","","","","","3","https://ec.europa.eu/info/funding-tenders/opportunities/portal/screen/opportunities/tender-details/15661","https://ec.europa.eu/info/funding-tenders/opportunities/portal/screen/opportunities/calls-for-tenders","0","0","0","2026-03-11T05:57:47.931Z"
"","EU Funding & Tenders Portal","","","","","","","","","","","","","13","https://ec.europa.eu/info/funding-tenders/opportunities/portal/screen/opportunities/tender-details/15631","https://ec.europa.eu/info/funding-tenders/opportunities/portal/screen/opportunities/calls-for-tenders","0","0","0","2026-03-11T05:57:47.931Z"
"","EU Funding & Tenders Portal","","","","","","","","","","","","","4","https://ec.europa.eu/info/funding-tenders/opportunities/portal/screen/opportunities/tender-details/93e4c267-0729-4f0e-8fd1-5166ba5e9af0-PIN","https://ec.europa.eu/info/funding-tenders/opportunities/portal/screen/opportunities/calls-for-tenders","0","0","0","2026-03-11T05:57:47.931Z"
"","EU Funding & Tenders Portal","","","","","","","","","","","","","3","https://ec.europa.eu/info/funding-tenders/opportunities/portal/screen/opportunities/tender-details/15593","https://ec.europa.eu/info/funding-tenders/opportunities/portal/screen/opportunities/calls-for-tenders","0","0","0","2026-03-11T05:57:47.931Z"
"","EU Funding & Tenders Portal","","","","","","","","","","","","","4","https://ec.europa.eu/info/funding-tenders/opportunities/portal/screen/opportunities/tender-details/9240","https://ec.europa.eu/info/funding-tenders/opportunities/portal/screen/opportunities/calls-for-tenders","0","0","0","2026-03-11T05:57:47.931Z"
"","EU Funding & Tenders Portal","","","","","","","","","","","","","7","https://ec.europa.eu/info/funding-tenders/opportunities/portal/screen/opportunities/tender-details/15080","https://ec.europa.eu/info/funding-tenders/opportunities/portal/screen/opportunities/calls-for-tenders","0","0","0","2026-03-11T05:57:47.931Z"
"","EU Funding & Tenders Portal","","","","","","","","","","","","","4","https://ec.europa.eu/info/funding-tenders/opportunities/portal/screen/opportunities/tender-details/15367","https://ec.europa.eu/info/funding-tenders/opportunities/portal/screen/opportunities/calls-for-tenders","0","0","0","2026-03-11T05:57:47.931Z"
"","EU Funding & Tenders Portal","","","","","","","","","","","","","4","https://ec.europa.eu/info/funding-tenders/opportunities/portal/screen/opportunities/tender-details/15148","https://ec.europa.eu/info/funding-tenders/opportunities/portal/screen/opportunities/calls-for-tenders","0","0","0","2026-03-11T05:57:47.931Z"
"","EU Funding & Tenders Portal","","","","","","","","","","","","","4","https://ec.europa.eu/info/funding-tenders/opportunities/portal/screen/opportunities/tender-details/15029","https://ec.europa.eu/info/funding-tenders/opportunities/portal/screen/opportunities/calls-for-tenders","0","0","0","2026-03-11T05:57:47.931Z"
"","EU Funding & Tenders Portal","","","","","","","","","","","","","4","https://ec.europa.eu/info/funding-tenders/opportunities/portal/screen/opportunities/tender-details/13918","https://ec.europa.eu/info/funding-tenders/opportunities/portal/screen/opportunities/calls-for-tenders","0","0","0","2026-03-11T05:57:47.931Z"
"","EU Funding & Tenders Portal","","","","","","","","","","","","","4","https://ec.europa.eu/info/funding-tenders/opportunities/portal/screen/opportunities/tender-details/14321","https://ec.europa.eu/info/funding-tenders/opportunities/portal/screen/opportunities/calls-for-tenders","0","0","0","2026-03-11T05:57:47.931Z"
"","EU Funding & Tenders Portal","","","","","","","","","","","","","4","https://ec.europa.eu/info/funding-tenders/opportunities/portal/screen/opportunities/tender-details/14479","https://ec.europa.eu/info/funding-tenders/opportunities/portal/screen/opportunities/calls-for-tenders","0","0","0","2026-03-11T05:57:47.931Z"
"","EU Funding & Tenders Portal","","","","","","","","","","","","","4","https://ec.europa.eu/info/funding-tenders/opportunities/portal/screen/opportunities/tender-details/14010","https://ec.europa.eu/info/funding-tenders/opportunities/portal/screen/opportunities/calls-for-tenders","0","0","0","2026-03-11T05:57:47.931Z"
"","EU Funding & Tenders Portal","","","","","","","","","","","","","4","https://ec.europa.eu/info/funding-tenders/opportunities/portal/screen/opportunities/tender-details/13666","https://ec.europa.eu/info/funding-tenders/opportunities/portal/screen/opportunities/calls-for-tenders","0","0","0","2026-03-11T05:57:47.931Z"
"","EU Funding & Tenders Portal","","","","","","","","","","","","","4","https://ec.europa.eu/info/funding-tenders/opportunities/portal/screen/opportunities/tender-details/12679","https://ec.europa.eu/info/funding-tenders/opportunities/portal/screen/opportunities/calls-for-tenders","0","0","0","2026-03-11T05:57:47.931Z"
"","EU Funding & Tenders Portal","","","","","","","","","","","","","4","https://ec.europa.eu/info/funding-tenders/opportunities/portal/screen/opportunities/tender-details/14021","https://ec.europa.eu/info/funding-tenders/opportunities/portal/screen/opportunities/calls-for-tenders","0","0","0","2026-03-11T05:57:47.931Z"
"","EU Funding & Tenders Portal","","","","","","","","","","","","","4","https://ec.europa.eu/info/funding-tenders/opportunities/portal/screen/opportunities/tender-details/13894","https://ec.europa.eu/info/funding-tenders/opportunities/portal/screen/opportunities/calls-for-tenders","0","0","0","2026-03-11T05:57:47.931Z"
"","EU Funding & Tenders Portal","","","","","","","","","","","","","4","https://ec.europa.eu/info/funding-tenders/opportunities/portal/screen/opportunities/tender-details/13568","https://ec.europa.eu/info/funding-tenders/opportunities/portal/screen/opportunities/calls-for-tenders","0","0","0","2026-03-11T05:57:47.931Z"
"","EU Funding & Tenders Portal","","","","","","","","","","","","","4","https://ec.europa.eu/info/funding-tenders/opportunities/portal/screen/opportunities/tender-details/13372","https://ec.europa.eu/info/funding-tenders/opportunities/portal/screen/opportunities/calls-for-tenders","0","0","0","2026-03-11T05:57:47.931Z"
"","EU Funding & Tenders Portal","","","","","","","","","","","","","4","https://ec.europa.eu/info/funding-tenders/opportunities/portal/screen/opportunities/tender-details/12657","https://ec.europa.eu/info/funding-tenders/opportunities/portal/screen/opportunities/calls-for-tenders","0","0","0","2026-03-11T05:57:47.931Z"
"","EU Funding & Tenders Portal","","","","","","","","","","","","","4","https://ec.europa.eu/info/funding-tenders/opportunities/portal/screen/opportunities/tender-details/13266","https://ec.europa.eu/info/funding-tenders/opportunities/portal/screen/opportunities/calls-for-tenders","0","0","0","2026-03-11T05:57:47.931Z"
"","EU Funding & Tenders Portal","","","","","","","","","","","","","4","https://ec.europa.eu/info/funding-tenders/opportunities/portal/screen/opportunities/tender-details/12909","https://ec.europa.eu/info/funding-tenders/opportunities/portal/screen/opportunities/calls-for-tenders","0","0","0","2026-03-11T05:57:47.931Z"
"","EU Funding & Tenders Portal","","","","","","","","","","","","","4","https://ec.europa.eu/info/funding-tenders/opportunities/portal/screen/opportunities/tender-details/13104","https://ec.europa.eu/info/funding-tenders/opportunities/portal/screen/opportunities/calls-for-tenders","0","0","0","2026-03-11T05:57:47.931Z"
"","EU Funding & Tenders Portal","","","","","","","","","","","","","4","https://ec.europa.eu/info/funding-tenders/opportunities/portal/screen/opportunities/tender-details/13017","https://ec.europa.eu/info/funding-tenders/opportunities/portal/screen/opportunities/calls-for-tenders","0","0","0","2026-03-11T05:57:47.931Z"
"","EU Funding & Tenders Portal","","","","","","","","","","","","","4","https://ec.europa.eu/info/funding-tenders/opportunities/portal/screen/opportunities/tender-details/12683","https://ec.europa.eu/info/funding-tenders/opportunities/portal/screen/opportunities/calls-for-tenders","0","0","0","2026-03-11T05:57:47.931Z"
"","EU Funding & Tenders Portal","","","","","","","","","","","","","4","https://ec.europa.eu/info/funding-tenders/opportunities/portal/screen/opportunities/tender-details/12506","https://ec.europa.eu/info/funding-tenders/opportunities/portal/screen/opportunities/calls-for-tenders","0","0","0","2026-03-11T05:57:47.931Z"
"","EU Funding & Tenders Portal","","","","","","","","","","","","","7","https://ec.europa.eu/info/funding-tenders/opportunities/portal/screen/opportunities/tender-details/12424","https://ec.europa.eu/info/funding-tenders/opportunities/portal/screen/opportunities/calls-for-tenders","0","0","0","2026-03-11T05:57:47.931Z"
"","EU Funding & Tenders Portal","","","","","","","","","","","","","4","https://ec.europa.eu/info/funding-tenders/opportunities/portal/screen/opportunities/tender-details/11932","https://ec.europa.eu/info/funding-tenders/opportunities/portal/screen/opportunities/calls-for-tenders","0","0","0","2026-03-11T05:57:47.931Z"
"","EU Funding & Tenders Portal","","","","","","","","","","","","","4","https://ec.europa.eu/info/funding-tenders/opportunities/portal/screen/opportunities/tender-details/11973","https://ec.europa.eu/info/funding-tenders/opportunities/portal/screen/opportunities/calls-for-tenders","0","0","0","2026-03-11T05:57:47.931Z"
"","EU Funding & Tenders Portal","","","","","","","","","","","","","4","https://ec.europa.eu/info/funding-tenders/opportunities/portal/screen/opportunities/tender-details/12201","https://ec.europa.eu/info/funding-tenders/opportunities/portal/screen/opportunities/calls-for-tenders","0","0","0","2026-03-11T05:57:47.931Z"
"","EU Funding & Tenders Portal","","","","","","","","","","","","","4","https://ec.europa.eu/info/funding-tenders/opportunities/portal/screen/opportunities/tender-details/12011","https://ec.europa.eu/info/funding-tenders/opportunities/portal/screen/opportunities/calls-for-tenders","0","0","0","2026-03-11T05:57:47.931Z"
"","EU Funding & Tenders Portal","","","","","","","","","","","","","4","https://ec.europa.eu/info/funding-tenders/opportunities/portal/screen/opportunities/tender-details/11811","https://ec.europa.eu/info/funding-tenders/opportunities/portal/screen/opportunities/calls-for-tenders","0","0","0","2026-03-11T05:57:47.931Z"
"","EU Funding & Tenders Portal","","","","","","","","","","","","","4","https://ec.europa.eu/info/funding-tenders/opportunities/portal/screen/opportunities/tender-details/11822","https://ec.europa.eu/info/funding-tenders/opportunities/portal/screen/opportunities/calls-for-tenders","0","0","0","2026-03-11T05:57:47.931Z"
"","EU Funding & Tenders Portal","","","","","","","","","","","","","4","https://ec.europa.eu/info/funding-tenders/opportunities/portal/screen/opportunities/tender-details/11823","https://ec.europa.eu/info/funding-tenders/opportunities/portal/screen/opportunities/calls-for-tenders","0","0","0","2026-03-11T05:57:47.931Z"
"","EU Funding & Tenders Portal","","","","","","","","","","","","","5","https://ec.europa.eu/info/funding-tenders/opportunities/portal/screen/opportunities/tender-details/11428","https://ec.europa.eu/info/funding-tenders/opportunities/portal/screen/opportunities/calls-for-tenders","0","0","0","2026-03-11T05:57:47.931Z"
"","EU Funding & Tenders Portal","","","","","","","","","","","","","5","https://ec.europa.eu/info/funding-tenders/opportunities/portal/screen/opportunities/tender-details/9999","https://ec.europa.eu/info/funding-tenders/opportunities/portal/screen/opportunities/calls-for-tenders","0","0","0","2026-03-11T05:57:47.931Z"
"","EU Funding & Tenders Portal","","","","","","","","","","","","","4","https://ec.europa.eu/info/funding-tenders/opportunities/portal/screen/opportunities/tender-details/11031","https://ec.europa.eu/info/funding-tenders/opportunities/portal/screen/opportunities/calls-for-tenders","0","0","0","2026-03-11T05:57:47.931Z"
"","EU Funding & Tenders Portal","","","","","","","","","","","","","4","https://ec.europa.eu/info/funding-tenders/opportunities/portal/screen/opportunities/tender-details/10550","https://ec.europa.eu/info/funding-tenders/opportunities/portal/screen/opportunities/calls-for-tenders","0","0","0","2026-03-11T05:57:47.931Z"
"","EU Funding & Tenders Portal","","","","","","","","","","","","","4","https://ec.europa.eu/info/funding-tenders/opportunities/portal/screen/opportunities/tender-details/11307","https://ec.europa.eu/info/funding-tenders/opportunities/portal/screen/opportunities/calls-for-tenders","0","0","0","2026-03-11T05:57:47.931Z"
"","EU Funding & Tenders Portal","","","","","","","","","","","","","4","https://ec.europa.eu/info/funding-tenders/opportunities/portal/screen/opportunities/tender-details/11251","https://ec.europa.eu/info/funding-tenders/opportunities/portal/screen/opportunities/calls-for-tenders","0","0","0","2026-03-11T05:57:47.931Z"
"","EU Funding & Tenders Portal","","","","","","","","","","","","","5","https://ec.europa.eu/info/funding-tenders/opportunities/portal/screen/opportunities/tender-details/11286","https://ec.europa.eu/info/funding-tenders/opportunities/portal/screen/opportunities/calls-for-tenders","0","0","0","2026-03-11T05:57:47.931Z"
"","EU Funding & Tenders Portal","","","","","","","","","","","","","4","https://ec.europa.eu/info/funding-tenders/opportunities/portal/screen/opportunities/tender-details/11167","https://ec.europa.eu/info/funding-tenders/opportunities/portal/screen/opportunities/calls-for-tenders","0","0","0","2026-03-11T05:57:47.931Z"
"","EU Funding & Tenders Portal","","","","","","","","","","","","","11","https://ec.europa.eu/info/funding-tenders/opportunities/portal/screen/opportunities/tender-details/11070","https://ec.europa.eu/info/funding-tenders/opportunities/portal/screen/opportunities/calls-for-tenders","0","0","0","2026-03-11T05:57:47.931Z"
"","EU Funding & Tenders Portal","","","","","","","","","","","","","4","https://ec.europa.eu/info/funding-tenders/opportunities/portal/screen/opportunities/tender-details/11086","https://ec.europa.eu/info/funding-tenders/opportunities/portal/screen/opportunities/calls-for-tenders","0","0","0","2026-03-11T05:57:47.931Z"
"","EU Funding & Tenders Portal","","","","","","","","","","","","","4","https://ec.europa.eu/info/funding-tenders/opportunities/portal/screen/opportunities/tender-details/10932","https://ec.europa.eu/info/funding-tenders/opportunities/portal/screen/opportunities/calls-for-tenders","0","0","0","2026-03-11T05:57:47.931Z"
"","EU Funding & Tenders Portal","","","","","","","","","","","","","4","https://ec.europa.eu/info/funding-tenders/opportunities/portal/screen/opportunities/tender-details/10690","https://ec.europa.eu/info/funding-tenders/opportunities/portal/screen/opportunities/calls-for-tenders","0","0","0","2026-03-11T05:57:47.931Z"
"","EU Funding & Tenders Portal","","","","","","","","","","","","","4","https://ec.europa.eu/info/funding-tenders/opportunities/portal/screen/opportunities/tender-details/10651","https://ec.europa.eu/info/funding-tenders/opportunities/portal/screen/opportunities/calls-for-tenders","0","0","0","2026-03-11T05:57:47.931Z"
"","EU Funding & Tenders Portal","","","","","","","","","","","","","4","https://ec.europa.eu/info/funding-tenders/opportunities/portal/screen/opportunities/tender-details/10730","https://ec.europa.eu/info/funding-tenders/opportunities/portal/screen/opportunities/calls-for-tenders","0","0","0","2026-03-11T05:57:47.931Z"
"","EU Funding & Tenders Portal","","","","","","","","","","","","","4","https://ec.europa.eu/info/funding-tenders/opportunities/portal/screen/opportunities/tender-details/10667","https://ec.europa.eu/info/funding-tenders/opportunities/portal/screen/opportunities/calls-for-tenders","0","0","0","2026-03-11T05:57:47.931Z"
"","EU Funding & Tenders Portal","","","","","","","","","","","","","5","https://ec.europa.eu/info/funding-tenders/opportunities/portal/screen/opportunities/tender-details/10399","https://ec.europa.eu/info/funding-tenders/opportunities/portal/screen/opportunities/calls-for-tenders","0","0","0","2026-03-11T05:57:47.931Z"
"","EU Funding & Tenders Portal","","","","","","","","","","","","","4","https://ec.europa.eu/info/funding-tenders/opportunities/portal/screen/opportunities/tender-details/10234","https://ec.europa.eu/info/funding-tenders/opportunities/portal/screen/opportunities/calls-for-tenders","0","0","0","2026-03-11T05:57:47.931Z"
"","EU Funding & Tenders Portal","","","","","","","","","","","","","4","https://ec.europa.eu/info/funding-tenders/opportunities/portal/screen/opportunities/tender-details/10605","https://ec.europa.eu/info/funding-tenders/opportunities/portal/screen/opportunities/calls-for-tenders","0","0","0","2026-03-11T05:57:47.931Z"
"","EU Funding & Tenders Portal","","","","","","","","","","","","","4","https://ec.europa.eu/info/funding-tenders/opportunities/portal/screen/opportunities/tender-details/10474","https://ec.europa.eu/info/funding-tenders/opportunities/portal/screen/opportunities/calls-for-tenders","0","0","0","2026-03-11T05:57:47.931Z"
"","EU Funding & Tenders Portal","","","","","","","","","","","","","4","https://ec.europa.eu/info/funding-tenders/opportunities/portal/screen/opportunities/tender-details/10391","https://ec.europa.eu/info/funding-tenders/opportunities/portal/screen/opportunities/calls-for-tenders","0","0","0","2026-03-11T05:57:47.931Z"
"","EU Funding & Tenders Portal","","","","","","","","","","","","","4","https://ec.europa.eu/info/funding-tenders/opportunities/portal/screen/opportunities/tender-details/10304","https://ec.europa.eu/info/funding-tenders/opportunities/portal/screen/opportunities/calls-for-tenders","0","0","0","2026-03-11T05:57:47.931Z"
"","EU Funding & Tenders Portal","","","","","","","","","","","","","4","https://ec.europa.eu/info/funding-tenders/opportunities/portal/screen/opportunities/tender-details/10040","https://ec.europa.eu/info/funding-tenders/opportunities/portal/screen/opportunities/calls-for-tenders","0","0","0","2026-03-11T05:57:47.931Z"
"","EU Funding & Tenders Portal","","","","","","","","","","","","","4","https://ec.europa.eu/info/funding-tenders/opportunities/portal/screen/opportunities/tender-details/9783","https://ec.europa.eu/info/funding-tenders/opportunities/portal/screen/opportunities/calls-for-tenders","0","0","0","2026-03-11T05:57:47.931Z"
"","EU Funding & Tenders Portal","","","","","","","","","","","","","4","https://ec.europa.eu/info/funding-tenders/opportunities/portal/screen/opportunities/tender-details/8560","https://ec.europa.eu/info/funding-tenders/opportunities/portal/screen/opportunities/calls-for-tenders","0","0","0","2026-03-11T05:57:47.931Z"
"","EU Funding & Tenders Portal","","","","","","","","","","","","","11","https://ec.europa.eu/info/funding-tenders/opportunities/portal/screen/opportunities/tender-details/9434","https://ec.europa.eu/info/funding-tenders/opportunities/portal/screen/opportunities/calls-for-tenders","0","0","0","2026-03-11T05:57:47.931Z"
"","EU Funding & Tenders Portal","","","","","","","","","","","","","4","https://ec.europa.eu/info/funding-tenders/opportunities/portal/screen/opportunities/tender-details/9297","https://ec.europa.eu/info/funding-tenders/opportunities/portal/screen/opportunities/calls-for-tenders","0","0","0","2026-03-11T05:57:47.931Z"
"","EU Funding & Tenders Portal","","","","","","","","","","","","","4","https://ec.europa.eu/info/funding-tenders/opportunities/portal/screen/opportunities/tender-details/9298","https://ec.europa.eu/info/funding-tenders/opportunities/portal/screen/opportunities/calls-for-tenders","0","0","0","2026-03-11T05:57:47.931Z"
"","EU Funding & Tenders Portal","","","","","","","","","","","","","4","https://ec.europa.eu/info/funding-tenders/opportunities/portal/screen/opportunities/tender-details/9295","https://ec.europa.eu/info/funding-tenders/opportunities/portal/screen/opportunities/calls-for-tenders","0","0","0","2026-03-11T05:57:47.931Z"
"","EU Funding & Tenders Portal","","","","","","","","","","","","","4","https://ec.europa.eu/info/funding-tenders/opportunities/portal/screen/opportunities/tender-details/9444","https://ec.europa.eu/info/funding-tenders/opportunities/portal/screen/opportunities/calls-for-tenders","0","0","0","2026-03-11T05:57:47.931Z"
"","EU Funding & Tenders Portal","","","","","","","","","","","","","4","https://ec.europa.eu/info/funding-tenders/opportunities/portal/screen/opportunities/tender-details/9302","https://ec.europa.eu/info/funding-tenders/opportunities/portal/screen/opportunities/calls-for-tenders","0","0","0","2026-03-11T05:57:47.931Z"
"","EU Funding & Tenders Portal","","","","","","","","","","","","","4","https://ec.europa.eu/info/funding-tenders/opportunities/portal/screen/opportunities/tender-details/9361","https://ec.europa.eu/info/funding-tenders/opportunities/portal/screen/opportunities/calls-for-tenders","0","0","0","2026-03-11T05:57:47.931Z"
"","EU Funding & Tenders Portal","","","","","","","","","","","","","5","https://ec.europa.eu/info/funding-tenders/opportunities/portal/screen/opportunities/tender-details/9176","https://ec.europa.eu/info/funding-tenders/opportunities/portal/screen/opportunities/calls-for-tenders","0","0","0","2026-03-11T05:57:47.931Z"
"","EU Funding & Tenders Portal","","","","","","","","","","","","","4","https://ec.europa.eu/info/funding-tenders/opportunities/portal/screen/opportunities/tender-details/9174","https://ec.europa.eu/info/funding-tenders/opportunities/portal/screen/opportunities/calls-for-tenders","0","0","0","2026-03-11T05:57:47.931Z"
"","EU Funding & Tenders Portal","","","","","","","","","","","","","4","https://ec.europa.eu/info/funding-tenders/opportunities/portal/screen/opportunities/tender-details/9139","https://ec.europa.eu/info/funding-tenders/opportunities/portal/screen/opportunities/calls-for-tenders","0","0","0","2026-03-11T05:57:47.931Z"
"","EU Funding & Tenders Portal","","","","","","","","","","","","","4","https://ec.europa.eu/info/funding-tenders/opportunities/portal/screen/opportunities/tender-details/8783","https://ec.europa.eu/info/funding-tenders/opportunities/portal/screen/opportunities/calls-for-tenders","0","0","0","2026-03-11T05:57:47.931Z"
"","EU Funding & Tenders Portal","","","","","","","","","","","","","4","https://ec.europa.eu/info/funding-tenders/opportunities/portal/screen/opportunities/tender-details/9013","https://ec.europa.eu/info/funding-tenders/opportunities/portal/screen/opportunities/calls-for-tenders","0","0","0","2026-03-11T05:57:47.931Z"
"","EU Funding & Tenders Portal","","","","","","","","","","","","","4","https://ec.europa.eu/info/funding-tenders/opportunities/portal/screen/opportunities/tender-details/9037","https://ec.europa.eu/info/funding-tenders/opportunities/portal/screen/opportunities/calls-for-tenders","0","0","0","2026-03-11T05:57:47.931Z"
"","EU Funding & Tenders Portal","","","","","","","","","","","","","4","https://ec.europa.eu/info/funding-tenders/opportunities/portal/screen/opportunities/tender-details/8832","https://ec.europa.eu/info/funding-tenders/opportunities/portal/screen/opportunities/calls-for-tenders","0","0","0","2026-03-11T05:57:47.931Z"
"","EU Funding & Tenders Portal","","","","","","","","","","","","","4","https://ec.europa.eu/info/funding-tenders/opportunities/portal/screen/opportunities/tender-details/8876","https://ec.europa.eu/info/funding-tenders/opportunities/portal/screen/opportunities/calls-for-tenders","0","0","0","2026-03-11T05:57:47.931Z"
"","EU Funding & Tenders Portal","","","","","","","","","","","","","4","https://ec.europa.eu/info/funding-tenders/opportunities/portal/screen/opportunities/tender-details/8415","https://ec.europa.eu/info/funding-tenders/opportunities/portal/screen/opportunities/calls-for-tenders","0","0","0","2026-03-11T05:57:47.931Z"
"","EU Funding & Tenders Portal","","","","","","","","","","","","","4","https://ec.europa.eu/info/funding-tenders/opportunities/portal/screen/opportunities/tender-details/8276","https://ec.europa.eu/info/funding-tenders/opportunities/portal/screen/opportunities/calls-for-tenders","0","0","0","2026-03-11T05:57:47.931Z"
"","EU Funding & Tenders Portal","","","","","","","","","","","","","4","https://ec.europa.eu/info/funding-tenders/opportunities/portal/screen/opportunities/tender-details/8250","https://ec.europa.eu/info/funding-tenders/opportunities/portal/screen/opportunities/calls-for-tenders","0","0","0","2026-03-11T05:57:47.931Z"
"","EU Funding & Tenders Portal","","","","","","","","","","","","","6","https://ec.europa.eu/info/funding-tenders/opportunities/portal/screen/opportunities/tender-details/8117","https://ec.europa.eu/info/funding-tenders/opportunities/portal/screen/opportunities/calls-for-tenders","0","0","0","2026-03-11T05:57:47.931Z"
"","EU Funding & Tenders Portal","","","","","","","","","","","","","4","https://ec.europa.eu/info/funding-tenders/opportunities/portal/screen/opportunities/tender-details/8155","https://ec.europa.eu/info/funding-tenders/opportunities/portal/screen/opportunities/calls-for-tenders","0","0","0","2026-03-11T05:57:47.931Z"
"","EU Funding & Tenders Portal","","","","","","","","","","","","","4","https://ec.europa.eu/info/funding-tenders/opportunities/portal/screen/opportunities/tender-details/8088","https://ec.europa.eu/info/funding-tenders/opportunities/portal/screen/opportunities/calls-for-tenders","0","0","0","2026-03-11T05:57:47.931Z"
"","EU Funding & Tenders Portal","","","","","","","","","","","","","5","https://ec.europa.eu/info/funding-tenders/opportunities/portal/screen/opportunities/tender-details/7730","https://ec.europa.eu/info/funding-tenders/opportunities/portal/screen/opportunities/calls-for-tenders","0","0","0","2026-03-11T05:57:47.931Z"
"","EU Funding & Tenders Portal","","","","","","","","","","","","","4","https://ec.europa.eu/info/funding-tenders/opportunities/portal/screen/opportunities/tender-details/7923","https://ec.europa.eu/info/funding-tenders/opportunities/portal/screen/opportunities/calls-for-tenders","0","0","0","2026-03-11T05:57:47.931Z"
"","EU Funding & Tenders Portal","","","","","","","","","","","","","4","https://ec.europa.eu/info/funding-tenders/opportunities/portal/screen/opportunities/tender-details/7920","https://ec.europa.eu/info/funding-tenders/opportunities/portal/screen/opportunities/calls-for-tenders","0","0","0","2026-03-11T05:57:47.931Z"
"","EU Funding & Tenders Portal","","","","","","","","","","","","","5","https://ec.europa.eu/info/funding-tenders/opportunities/portal/screen/opportunities/tender-details/7741","https://ec.europa.eu/info/funding-tenders/opportunities/portal/screen/opportunities/calls-for-tenders","0","0","0","2026-03-11T05:57:47.931Z"
"","EU Funding & Tenders Portal","","","","","","","","","","","","","4","https://ec.europa.eu/info/funding-tenders/opportunities/portal/screen/opportunities/tender-details/7732","https://ec.europa.eu/info/funding-tenders/opportunities/portal/screen/opportunities/calls-for-tenders","0","0","0","2026-03-11T05:57:47.931Z"
"","EU Funding & Tenders Portal","","","","","","","","","","","","","5","https://ec.europa.eu/info/funding-tenders/opportunities/portal/screen/opportunities/tender-details/7681","https://ec.europa.eu/info/funding-tenders/opportunities/portal/screen/opportunities/calls-for-tenders","0","0","0","2026-03-11T05:57:47.931Z"
"","EU Funding & Tenders Portal","","","","","","","","","","","","","10","https://ec.europa.eu/info/funding-tenders/opportunities/portal/screen/opportunities/tender-details/7544","https://ec.europa.eu/info/funding-tenders/opportunities/portal/screen/opportunities/calls-for-tenders","0","0","0","2026-03-11T05:57:47.931Z"
"","EU Funding & Tenders Portal","","","","","","","","","","","","","10","https://ec.europa.eu/info/funding-tenders/opportunities/portal/screen/opportunities/tender-details/7184","https://ec.europa.eu/info/funding-tenders/opportunities/portal/screen/opportunities/calls-for-tenders","0","0","0","2026-03-11T05:57:47.931Z"
"","EU Funding & Tenders Portal","","","","","","","","","","","","","4","https://ec.europa.eu/info/funding-tenders/opportunities/portal/screen/opportunities/tender-details/6589","https://ec.europa.eu/info/funding-tenders/opportunities/portal/screen/opportunities/calls-for-tenders","0","0","0","2026-03-11T05:57:47.931Z"
"","EU Funding & Tenders Portal","","","","","","","","","","","","","4","https://ec.europa.eu/info/funding-tenders/opportunities/portal/screen/opportunities/tender-details/6344","https://ec.europa.eu/info/funding-tenders/opportunities/portal/screen/opportunities/calls-for-tenders","0","0","0","2026-03-11T05:57:47.931Z"
"","EU Funding & Tenders Portal","","","","","","","","","","","","","7","https://ec.europa.eu/info/funding-tenders/opportunities/portal/screen/opportunities/tender-details/6241","https://ec.europa.eu/info/funding-tenders/opportunities/portal/screen/opportunities/calls-for-tenders","0","0","0","2026-03-11T05:57:47.931Z"
"","EU Funding & Tenders Portal","","","","","","","","","","","","","7","https://ec.europa.eu/info/funding-tenders/opportunities/portal/screen/opportunities/tender-details/6316","https://ec.europa.eu/info/funding-tenders/opportunities/portal/screen/opportunities/calls-for-tenders","0","0","0","2026-03-11T05:57:47.931Z"
"","EU Funding & Tenders Portal","","","","","","","","","","","","","7","https://ec.europa.eu/info/funding-tenders/opportunities/portal/screen/opportunities/tender-details/6287","https://ec.europa.eu/info/funding-tenders/opportunities/portal/screen/opportunities/calls-for-tenders","0","0","0","2026-03-11T05:57:47.931Z"
"","EU Funding & Tenders Portal","","","","","","","","","","","","","4","https://ec.europa.eu/info/funding-tenders/opportunities/portal/screen/opportunities/tender-details/5933","https://ec.europa.eu/info/funding-tenders/opportunities/portal/screen/opportunities/calls-for-tenders","0","0","0","2026-03-11T05:57:47.931Z"
"","EU Funding & Tenders Portal","","","","","","","","","","","","","4","https://ec.europa.eu/info/funding-tenders/opportunities/portal/screen/opportunities/tender-details/5217","https://ec.europa.eu/info/funding-tenders/opportunities/portal/screen/opportunities/calls-for-tenders","0","0","0","2026-03-11T05:57:47.931Z"
"","EU Funding & Tenders Portal","","","","","","","","","","","","","4","https://ec.europa.eu/info/funding-tenders/opportunities/portal/screen/opportunities/tender-details/5837","https://ec.europa.eu/info/funding-tenders/opportunities/portal/screen/opportunities/calls-for-tenders","0","0","0","2026-03-11T05:57:47.931Z"
"","EU Funding & Tenders Portal","","","","","","","","","","","","","4","https://ec.europa.eu/info/funding-tenders/opportunities/portal/screen/opportunities/tender-details/5910","https://ec.europa.eu/info/funding-tenders/opportunities/portal/screen/opportunities/calls-for-tenders","0","0","0","2026-03-11T05:57:47.931Z"
"","EU Funding & Tenders Portal","","","","","","","","","","","","","4","https://ec.europa.eu/info/funding-tenders/opportunities/portal/screen/opportunities/tender-details/5831","https://ec.europa.eu/info/funding-tenders/opportunities/portal/screen/opportunities/calls-for-tenders","0","0","0","2026-03-11T05:57:47.931Z"
"","EU Funding & Tenders Portal","","","","","","","","","","","","","4","https://ec.europa.eu/info/funding-tenders/opportunities/portal/screen/opportunities/tender-details/5868","https://ec.europa.eu/info/funding-tenders/opportunities/portal/screen/opportunities/calls-for-tenders","0","0","0","2026-03-11T05:57:47.931Z"
"","EU Funding & Tenders Portal","","","","","","","","","","","","","4","https://ec.europa.eu/info/funding-tenders/opportunities/portal/screen/opportunities/tender-details/5654","https://ec.europa.eu/info/funding-tenders/opportunities/portal/screen/opportunities/calls-for-tenders","0","0","0","2026-03-11T05:57:47.931Z"
"","EU Funding & Tenders Portal","","","","","","","","","","","","","4","https://ec.europa.eu/info/funding-tenders/opportunities/portal/screen/opportunities/tender-details/5541","https://ec.europa.eu/info/funding-tenders/opportunities/portal/screen/opportunities/calls-for-tenders","0","0","0","2026-03-11T05:57:47.931Z"
"","EU Funding & Tenders Portal","","","","","","","","","","","","","10","https://ec.europa.eu/info/funding-tenders/opportunities/portal/screen/opportunities/tender-details/5547","https://ec.europa.eu/info/funding-tenders/opportunities/portal/screen/opportunities/calls-for-tenders","0","0","0","2026-03-11T05:57:47.931Z"
"","EU Funding & Tenders Portal","","","","","","","","","","","","","13","https://ec.europa.eu/info/funding-tenders/opportunities/portal/screen/opportunities/tender-details/5448","https://ec.europa.eu/info/funding-tenders/opportunities/portal/screen/opportunities/calls-for-tenders","0","0","0","2026-03-11T05:57:47.931Z"
"","EU Funding & Tenders Portal","","","","","","","","","","","","","4","https://ec.europa.eu/info/funding-tenders/opportunities/portal/screen/opportunities/tender-details/4554","https://ec.europa.eu/info/funding-tenders/opportunities/portal/screen/opportunities/calls-for-tenders","0","0","0","2026-03-11T05:57:47.931Z"
"","EU Funding & Tenders Portal","","","","","","","","","","","","","4","https://ec.europa.eu/info/funding-tenders/opportunities/portal/screen/opportunities/tender-details/5192","https://ec.europa.eu/info/funding-tenders/opportunities/portal/screen/opportunities/calls-for-tenders","0","0","0","2026-03-11T05:57:47.931Z"
"","EU Funding & Tenders Portal","","","","","","","","","","","","","13","https://ec.europa.eu/info/funding-tenders/opportunities/portal/screen/opportunities/tender-details/5070","https://ec.europa.eu/info/funding-tenders/opportunities/portal/screen/opportunities/calls-for-tenders","0","0","0","2026-03-11T05:57:47.931Z"
"","EU Funding & Tenders Portal","","","","","","","","","","","","","12","https://ec.europa.eu/info/funding-tenders/opportunities/portal/screen/opportunities/tender-details/4913","https://ec.europa.eu/info/funding-tenders/opportunities/portal/screen/opportunities/calls-for-tenders","0","0","0","2026-03-11T05:57:47.931Z"
"","EU Funding & Tenders Portal","","","","","","","","","","","","","4","https://ec.europa.eu/info/funding-tenders/opportunities/portal/screen/opportunities/tender-details/4553","https://ec.europa.eu/info/funding-tenders/opportunities/portal/screen/opportunities/calls-for-tenders","0","0","0","2026-03-11T05:57:47.931Z"
"","EU Funding & Tenders Portal","","","","","","","","","","","","","11","https://ec.europa.eu/info/funding-tenders/opportunities/portal/screen/opportunities/tender-details/4802","https://ec.europa.eu/info/funding-tenders/opportunities/portal/screen/opportunities/calls-for-tenders","0","0","0","2026-03-11T05:57:47.931Z"
"","EU Funding & Tenders Portal","","","","","","","","","","","","","6","https://ec.europa.eu/info/funding-tenders/opportunities/portal/screen/opportunities/tender-details/4580","https://ec.europa.eu/info/funding-tenders/opportunities/portal/screen/opportunities/calls-for-tenders","0","0","0","2026-03-11T05:57:47.931Z"
"","EU Funding & Tenders Portal","","","","","","","","","","","","","4","https://ec.europa.eu/info/funding-tenders/opportunities/portal/screen/opportunities/tender-details/4484","https://ec.europa.eu/info/funding-tenders/opportunities/portal/screen/opportunities/calls-for-tenders","0","0","0","2026-03-11T05:57:47.931Z"
"","EU Funding & Tenders Portal","","","","","","","","","","","","","12","https://ec.europa.eu/info/funding-tenders/opportunities/portal/screen/opportunities/tender-details/4454","https://ec.europa.eu/info/funding-tenders/opportunities/portal/screen/opportunities/calls-for-tenders","0","0","0","2026-03-11T05:57:47.931Z"
"","EU Funding & Tenders Portal","","","","","","","","","","","","","9","https://ec.europa.eu/info/funding-tenders/opportunities/portal/screen/opportunities/tender-details/4063","https://ec.europa.eu/info/funding-tenders/opportunities/portal/screen/opportunities/calls-for-tenders","0","0","0","2026-03-11T05:57:47.931Z"
"","EU Funding & Tenders Portal","","","","","","","","","","","","","11","https://ec.europa.eu/info/funding-tenders/opportunities/portal/screen/opportunities/tender-details/3652","https://ec.europa.eu/info/funding-tenders/opportunities/portal/screen/opportunities/calls-for-tenders","0","0","0","2026-03-11T05:57:47.931Z"
"","EU Funding & Tenders Portal","","","","","","","","","","","","","12","https://ec.europa.eu/info/funding-tenders/opportunities/portal/screen/opportunities/tender-details/3640","https://ec.europa.eu/info/funding-tenders/opportunities/portal/screen/opportunities/calls-for-tenders","0","0","0","2026-03-11T05:57:47.931Z"
"","EU Funding & Tenders Portal","","","","","","","","","","","","","4","https://ec.europa.eu/info/funding-tenders/opportunities/portal/screen/opportunities/tender-details/3614","https://ec.europa.eu/info/funding-tenders/opportunities/portal/screen/opportunities/calls-for-tenders","0","0","0","2026-03-11T05:57:47.931Z"
"","EU Funding & Tenders Portal","","","","","","","","","","","","","4","https://ec.europa.eu/info/funding-tenders/opportunities/portal/screen/opportunities/tender-details/3581","https://ec.europa.eu/info/funding-tenders/opportunities/portal/screen/opportunities/calls-for-tenders","0","0","0","2026-03-11T05:57:47.931Z"
"","EU Funding & Tenders Portal","","","","","","","","","","","","","8","https://ec.europa.eu/info/funding-tenders/opportunities/portal/screen/opportunities/tender-details/3220","https://ec.europa.eu/info/funding-tenders/opportunities/portal/screen/opportunities/calls-for-tenders","0","0","0","2026-03-11T05:57:47.931Z"
"","EU Funding & Tenders Portal","","","","","","","","","","","","","4","https://ec.europa.eu/info/funding-tenders/opportunities/portal/screen/opportunities/tender-details/3172","https://ec.europa.eu/info/funding-tenders/opportunities/portal/screen/opportunities/calls-for-tenders","0","0","0","2026-03-11T05:57:47.931Z"
"","EU Funding & Tenders Portal","","","","","","","","","","","","","5","https://ec.europa.eu/info/funding-tenders/opportunities/portal/screen/opportunities/tender-details/2485","https://ec.europa.eu/info/funding-tenders/opportunities/portal/screen/opportunities/calls-for-tenders","0","0","0","2026-03-11T05:57:47.931Z"
"","EU Funding & Tenders Portal","","","","","","","","","","","","","7","https://ec.europa.eu/info/funding-tenders/opportunities/portal/screen/opportunities/tender-details/2203","https://ec.europa.eu/info/funding-tenders/opportunities/portal/screen/opportunities/calls-for-tenders","0","0","0","2026-03-11T05:57:47.931Z"
"","EU Funding & Tenders Portal","","","","","","","","","","","","","5","https://ec.europa.eu/info/funding-tenders/opportunities/portal/screen/opportunities/tender-details/1704","https://ec.europa.eu/info/funding-tenders/opportunities/portal/screen/opportunities/calls-for-tenders","0","0","0","2026-03-11T05:57:47.931Z"
"","EU Funding & Tenders Portal","","","","","","","","","","","","","4","https://ec.europa.eu/info/funding-tenders/opportunities/portal/screen/opportunities/tender-details/1522","https://ec.europa.eu/info/funding-tenders/opportunities/portal/screen/opportunities/calls-for-tenders","0","0","0","2026-03-11T05:57:47.931Z"
"","EU Funding & Tenders Portal","","","","","","","","","","","","","4","https://ec.europa.eu/info/funding-tenders/opportunities/portal/screen/opportunities/tender-details/1203","https://ec.europa.eu/info/funding-tenders/opportunities/portal/screen/opportunities/calls-for-tenders","0","0","0","2026-03-11T05:57:47.931Z"
"","EU Funding & Tenders Portal","","","","","","","","","","","","","4","https://ec.europa.eu/info/funding-tenders/opportunities/portal/screen/opportunities/tender-details/803","https://ec.europa.eu/info/funding-tenders/opportunities/portal/screen/opportunities/calls-for-tenders","0","0","0","2026-03-11T05:57:47.931Z"
"","EU Funding & Tenders Portal","","","","","","","","","","","","","4","https://ec.europa.eu/info/funding-tenders/opportunities/portal/screen/opportunities/tender-details/1176","https://ec.europa.eu/info/funding-tenders/opportunities/portal/screen/opportunities/calls-for-tenders","0","0","0","2026-03-11T05:57:47.931Z"
"","EU Funding & Tenders Portal","","","","","","","","","","","","","7","https://ec.europa.eu/info/funding-tenders/opportunities/portal/screen/opportunities/tender-details/1092","https://ec.europa.eu/info/funding-tenders/opportunities/portal/screen/opportunities/calls-for-tenders","0","0","0","2026-03-11T05:57:47.931Z"
"","EU Funding & Tenders Portal","","","","","","","","","","","","","4","https://ec.europa.eu/info/funding-tenders/opportunities/portal/screen/opportunities/tender-details/1127","https://ec.europa.eu/info/funding-tenders/opportunities/portal/screen/opportunities/calls-for-tenders","0","0","0","2026-03-11T05:57:47.931Z"
"","EU Funding & Tenders Portal","","","","","","","","","","","","","4","https://ec.europa.eu/info/funding-tenders/opportunities/portal/screen/opportunities/tender-details/704","https://ec.europa.eu/info/funding-tenders/opportunities/portal/screen/opportunities/calls-for-tenders","0","0","0","2026-03-11T05:57:47.931Z"
"","EU Funding & Tenders Portal","","","","","","","","","","","","","4","https://ec.europa.eu/info/funding-tenders/opportunities/portal/screen/opportunities/tender-details/701","https://ec.europa.eu/info/funding-tenders/opportunities/portal/screen/opportunities/calls-for-tenders","0","0","0","2026-03-11T05:57:47.931Z"
"","EU Funding & Tenders Portal","","","","","","","","","","","","","4","https://ec.europa.eu/info/funding-tenders/opportunities/portal/screen/opportunities/tender-details/523","https://ec.europa.eu/info/funding-tenders/opportunities/portal/screen/opportunities/calls-for-tenders","0","0","0","2026-03-11T05:57:47.931Z"